"Date ","series ","OPEN ","HIGH ","LOW ","PREV. CLOSE ","ltp ","close ","vwap ","52W H ","52W L ","VOLUME ","VALUE ","No of trades "
"01-Feb-2021","EQ","1,410.25","1,482.50","1,401.00","1,390.50","1,480.00","1,476.75","1,439.43","1,511.65","738.75",13185272,"18,979,231,489.45",301952
"29-Jan-2021","EQ","1,391.35","1,408.75","1,364.50","1,371.45","1,391.00","1,390.50","1,388.21","1,511.65","738.75",14352251,"19,923,891,702.85",358077
"28-Jan-2021","EQ","1,389.90","1,401.30","1,342.00","1,409.60","1,372.00","1,371.45","1,364.16","1,511.65","738.75",21352223,"29,127,886,352.35",452148
"27-Jan-2021","EQ","1,468.00","1,471.90","1,406.15","1,462.85","1,411.25","1,409.60","1,437.02","1,511.65","738.75",11778138,"16,925,445,420.15",308009
"25-Jan-2021","EQ","1,465.10","1,481.00","1,455.15","1,443.55","1,467.00","1,462.85","1,465.91","1,511.65","738.75",10172359,"14,911,805,741.75",231078
"22-Jan-2021","EQ","1,467.90","1,467.90","1,440.15","1,474.80","1,444.35","1,443.55","1,454.40","1,511.65","738.75",7696182,"11,193,363,698.15",222926
"21-Jan-2021","EQ","1,492.00","1,494.35","1,468.15","1,492.00","1,476.00","1,474.80","1,479.22","1,511.65","738.75",13166527,"19,476,138,889.35",262288
"20-Jan-2021","EQ","1,501.00","1,501.00","1,486.00","1,503.85","1,490.00","1,492.00","1,493.75","1,511.65","738.75",6673026,"9,967,840,647.30",137443
"19-Jan-2021","EQ","1,491.80","1,511.65","1,467.00","1,483.10","1,501.85","1,503.85","1,490.12","1,511.65","738.75",8680127,"12,934,447,133.90",197402
"18-Jan-2021","EQ","1,469.90","1,502.85","1,467.00","1,466.65","1,480.00","1,483.10","1,488.94","1,502.85","738.75",21412816,"31,882,488,250.45",483314
"15-Jan-2021","EQ","1,469.10","1,471.65","1,445.00","1,468.75","1,467.00","1,466.65","1,458.15","1,496.90","738.75",7082618,"10,327,507,402.40",168203
"14-Jan-2021","EQ","1,471.15","1,488.00","1,456.00","1,470.65","1,474.00","1,468.75","1,468.80","1,496.90","738.75",6148583,"9,031,062,462.40",187531
"13-Jan-2021","EQ","1,492.90","1,496.90","1,462.10","1,481.00","1,473.65","1,470.65","1,476.17","1,496.90","738.75",8467325,"12,499,197,280.65",179332
"12-Jan-2021","EQ","1,452.45","1,487.70","1,449.10","1,451.45","1,480.55","1,481.00","1,469.44","1,487.70","738.75",10194078,"14,979,563,595.90",226594
"11-Jan-2021","EQ","1,450.00","1,464.90","1,436.30","1,431.65","1,452.60","1,451.45","1,452.80","1,464.90","738.75",8665696,"12,589,482,027.00",213318
"08-Jan-2021","EQ","1,432.00","1,442.00","1,423.10","1,416.25","1,433.00","1,431.65","1,432.81","1,464.40","738.75",6884382,"9,863,997,390.15",162375
"07-Jan-2021","EQ","1,432.50","1,432.60","1,412.55","1,420.55","1,416.90","1,416.25","1,422.34","1,464.40","738.75",9947421,"14,148,623,311.15",127305
"06-Jan-2021","EQ","1,435.00","1,440.00","1,413.10","1,426.70","1,419.80","1,420.55","1,423.55","1,464.40","738.75",11067025,"15,754,511,010.20",151854
"05-Jan-2021","EQ","1,419.20","1,430.75","1,409.00","1,416.00","1,425.85","1,426.70","1,419.93","1,464.40","738.75",7193412,"10,214,160,602.40",186611
"04-Jan-2021","EQ","1,438.00","1,438.00","1,399.00","1,425.05","1,422.25","1,416.00","1,417.20","1,464.40","738.75",7870096,"11,153,473,281.70",177576
"01-Jan-2021","EQ","1,440.00","1,443.00","1,420.60","1,436.30","1,423.45","1,425.05","1,433.57","1,464.40","738.75",4405469,"6,315,533,421.95",85415
"31-Dec-2020","EQ","1,435.00","1,444.00","1,425.05","1,432.50","1,438.45","1,436.30","1,436.40","1,464.40","738.75",11072875,"15,905,040,698.85",207512
"30-Dec-2020","EQ","1,439.90","1,439.90","1,413.00","1,427.20","1,432.05","1,432.50","1,427.25","1,464.40","738.75",8108363,"11,572,701,536.35",137892
"29-Dec-2020","EQ","1,421.05","1,434.75","1,420.00","1,412.85","1,427.95","1,427.20","1,428.05","1,464.40","738.75",7247673,"10,350,035,824.15",164187
"28-Dec-2020","EQ","1,405.00","1,421.00","1,404.00","1,397.10","1,415.80","1,412.85","1,414.43","1,464.40","738.75",5849597,"8,273,855,755.35",222546
"24-Dec-2020","EQ","1,389.40","1,404.00","1,377.00","1,375.65","1,395.90","1,397.10","1,393.22","1,464.40","738.75",7476094,"10,415,823,397.40",207764
"23-Dec-2020","EQ","1,367.50","1,380.95","1,361.05","1,373.10","1,378.00","1,375.65","1,371.48","1,464.40","738.75",7733697,"10,606,644,402.05",209433
"22-Dec-2020","EQ","1,384.80","1,384.80","1,345.00","1,372.65","1,373.00","1,373.10","1,365.22","1,464.40","738.75",11425779,"15,598,730,164.20",321428
"21-Dec-2020","EQ","1,417.50","1,423.85","1,366.70","1,411.35","1,369.05","1,372.65","1,402.25","1,464.40","738.75",11880912,"16,660,066,426.30",245182
"18-Dec-2020","EQ","1,435.00","1,439.70","1,406.30","1,441.80","1,408.95","1,411.35","1,416.04","1,464.40","738.75",11497959,"16,281,519,676.25",204985
"17-Dec-2020","EQ","1,418.60","1,445.00","1,404.50","1,410.70","1,440.00","1,441.80","1,429.35","1,464.40","738.75",10962239,"15,668,891,347.05",227695
"16-Dec-2020","EQ","1,404.00","1,416.80","1,394.50","1,391.30","1,407.85","1,410.70","1,405.85","1,464.40","738.75",8416046,"11,831,665,558.40",207995
"15-Dec-2020","EQ","1,380.80","1,394.95","1,366.00","1,372.15","1,392.50","1,391.30","1,380.90","1,464.40","738.75",10780718,"14,887,141,542.75",213331
"14-Dec-2020","EQ","1,383.00","1,388.00","1,368.00","1,382.80","1,369.40","1,372.15","1,376.22","1,464.40","738.75",8611025,"11,850,694,443.90",226700
"11-Dec-2020","EQ","1,390.05","1,395.00","1,373.00","1,385.85","1,382.05","1,382.80","1,382.89","1,464.40","738.75",10678192,"14,766,730,477.75",184156
"10-Dec-2020","EQ","1,398.00","1,402.00","1,375.75","1,407.20","1,387.00","1,385.85","1,386.04","1,464.40","738.75",9863983,"13,671,853,428.50",253318
"09-Dec-2020","EQ","1,377.00","1,410.05","1,375.05","1,376.30","1,408.50","1,407.20","1,395.27","1,464.40","738.75",11034537,"15,396,172,248.45",283201
"08-Dec-2020","EQ","1,375.00","1,388.80","1,365.15","1,372.25","1,374.90","1,376.30","1,377.34","1,464.40","738.75",9728948,"13,400,035,184.90",239499
"07-Dec-2020","EQ","1,375.00","1,379.95","1,358.10","1,385.60","1,375.50","1,372.25","1,368.13","1,464.40","738.75",12158159,"16,633,921,187.35",326818
"04-Dec-2020","EQ","1,381.00","1,401.45","1,373.30","1,377.20","1,390.10","1,385.60","1,386.77","1,464.40","738.75",13456161,"18,660,621,784.30",287684
"03-Dec-2020","EQ","1,429.00","1,432.00","1,374.05","1,406.95","1,381.00","1,377.20","1,396.88","1,464.40","738.75",18966611,"26,494,094,892.80",370031
"02-Dec-2020","EQ","1,431.00","1,431.80","1,394.80","1,433.30","1,405.35","1,406.95","1,410.23","1,464.40","738.75",8946075,"12,616,027,252.00",187793
"01-Dec-2020","EQ","1,440.85","1,449.00","1,425.50","1,440.85","1,429.05","1,433.30","1,439.22","1,464.40","738.75",8573787,"12,339,584,610.70",197206
"27-Nov-2020","EQ","1,431.80","1,446.00","1,415.55","1,426.65","1,438.00","1,440.85","1,429.86","1,464.40","738.75",8997290,"12,864,832,853.65",174132
"26-Nov-2020","EQ","1,415.00","1,432.00","1,387.00","1,402.80","1,431.90","1,426.65","1,410.64","1,464.40","738.75",13971563,"19,708,891,649.45",269679
"25-Nov-2020","EQ","1,451.30","1,464.40","1,397.00","1,438.20","1,406.50","1,402.80","1,431.81","1,464.40","738.75",12076301,"17,290,970,161.50",310836
"24-Nov-2020","EQ","1,408.00","1,445.00","1,402.05","1,394.60","1,444.00","1,438.20","1,430.00","1,445.00","738.75",20077200,"28,710,493,464.85",341801
"23-Nov-2020","EQ","1,415.00","1,423.65","1,375.35","1,403.65","1,397.30","1,394.60","1,398.55","1,423.65","738.75",12623318,"17,654,381,087.20",297107
"20-Nov-2020","EQ","1,372.65","1,408.40","1,365.05","1,374.35","1,405.00","1,403.65","1,391.31","1,419.00","738.75",10202681,"14,195,115,496.00",235627
"19-Nov-2020","EQ","1,389.70","1,399.45","1,368.00","1,408.70","1,370.80","1,374.35","1,383.36","1,419.00","738.75",10133441,"14,018,208,193.60",222482
"18-Nov-2020","EQ","1,403.00","1,419.00","1,399.05","1,408.45","1,409.00","1,408.70","1,408.60","1,419.00","738.75",9431388,"13,285,065,362.80",209420
"17-Nov-2020","EQ","1,385.80","1,412.60","1,380.60","1,369.70","1,408.80","1,408.45","1,401.66","1,414.80","738.75",15529950,"21,767,651,962.70",297055
"14-Nov-2020","EQ","1,367.80","1,374.95","1,365.20","1,358.80","1,371.00","1,369.70","1,370.51","1,414.80","738.75",917533,"1,257,485,129.45",30732
"13-Nov-2020","EQ","1,368.80","1,368.80","1,347.00","1,371.70","1,358.00","1,358.80","1,356.21","1,414.80","738.75",11236240,"15,238,648,107.85",205964
"12-Nov-2020","EQ","1,377.40","1,388.55","1,360.00","1,389.95","1,372.85","1,371.70","1,373.54","1,414.80","738.75",13526974,"18,579,858,764.40",315193
"11-Nov-2020","EQ","1,399.90","1,414.80","1,370.50","1,393.65","1,390.15","1,389.95","1,393.64","1,414.80","738.75",18058097,"25,166,453,033.45",319672
"10-Nov-2020","EQ","1,357.00","1,395.00","1,351.55","1,340.55","1,393.20","1,393.65","1,376.45","1,395.00","738.75",20758678,"28,573,194,384.70",460114
"09-Nov-2020","EQ","1,315.20","1,345.95","1,315.20","1,307.65","1,343.00","1,340.55","1,334.35","1,345.95","738.75",13144220,"17,539,012,739.75",235872
"06-Nov-2020","EQ","1,266.25","1,310.00","1,265.50","1,269.20","1,308.00","1,307.65","1,294.89","1,310.00","738.75",17852862,"23,117,431,812.65",330534
"05-Nov-2020","EQ","1,266.00","1,276.00","1,252.35","1,257.40","1,271.55","1,269.20","1,269.42","1,305.50","738.75",10716964,"13,604,287,092.55",217902
"04-Nov-2020","EQ","1,252.00","1,264.80","1,230.00","1,247.95","1,254.00","1,257.40","1,251.63","1,305.50","738.75",11702411,"14,647,036,990.25",245494
"03-Nov-2020","EQ","1,226.45","1,250.75","1,225.50","1,215.25","1,248.00","1,247.95","1,243.15","1,305.50","738.75",14082115,"17,506,178,550.75",278299
"02-Nov-2020","EQ","1,194.35","1,225.00","1,177.50","1,183.55","1,216.25","1,215.25","1,198.51","1,305.50","738.75",10963040,"13,139,347,186.25",225643
"30-Oct-2020","EQ","1,182.55","1,199.30","1,176.35","1,187.20","1,182.40","1,183.55","1,186.31","1,305.50","738.75",5761470,"6,834,878,663.65",137766
"29-Oct-2020","EQ","1,200.60","1,204.45","1,178.50","1,209.60","1,190.50","1,187.20","1,189.63","1,305.50","738.75",11530152,"13,716,659,781.80",207330
"28-Oct-2020","EQ","1,228.00","1,232.00","1,201.50","1,233.10","1,210.30","1,209.60","1,214.22","1,305.50","738.75",8285625,"10,060,586,819.90",202965
"27-Oct-2020","EQ","1,226.00","1,236.00","1,197.85","1,210.90","1,235.00","1,233.10","1,216.83","1,305.50","738.75",12158922,"14,795,287,654.70",207342
"26-Oct-2020","EQ","1,229.80","1,242.00","1,204.60","1,235.80","1,216.55","1,210.90","1,222.29","1,305.50","738.75",9786023,"11,961,384,155.70",197782
"23-Oct-2020","EQ","1,243.50","1,248.45","1,231.20","1,233.30","1,236.55","1,235.80","1,238.33","1,305.50","738.75",7933126,"9,823,852,876.90",172764
"22-Oct-2020","EQ","1,239.95","1,250.00","1,223.00","1,246.70","1,232.00","1,233.30","1,237.77","1,305.50","738.75",10956548,"13,561,713,112.70",269781
"21-Oct-2020","EQ","1,230.60","1,251.00","1,221.70","1,223.95","1,245.25","1,246.70","1,238.33","1,305.50","738.75",17820565,"22,067,746,473.40",311963
"20-Oct-2020","EQ","1,207.50","1,227.40","1,205.90","1,203.55","1,224.60","1,223.95","1,218.32","1,305.50","738.75",13705994,"16,698,234,148.05",278115
"19-Oct-2020","EQ","1,235.00","1,235.00","1,192.60","1,199.35","1,203.00","1,203.55","1,206.93","1,305.50","738.75",21179884,"25,562,653,004.00",312856
"16-Oct-2020","EQ","1,180.00","1,203.50","1,173.00","1,169.25","1,203.35","1,199.35","1,189.99","1,305.50","738.75",12911559,"15,364,649,993.60",232163
"15-Oct-2020","EQ","1,214.20","1,217.00","1,164.00","1,211.50","1,168.60","1,169.25","1,195.09","1,305.50","738.75",14123569,"16,878,959,918.70",238649
"14-Oct-2020","EQ","1,195.55","1,214.30","1,175.50","1,198.45","1,213.50","1,211.50","1,190.04","1,305.50","738.75",11291473,"13,437,251,785.95",220645
"13-Oct-2020","EQ","1,213.40","1,222.45","1,195.00","1,213.65","1,195.25","1,198.45","1,206.34","1,305.50","738.75",9177015,"11,070,573,513.50",183515
"12-Oct-2020","EQ","1,231.55","1,242.75","1,205.60","1,233.55","1,214.50","1,213.65","1,220.43","1,305.50","738.75",9610277,"11,728,711,136.65",192519
"09-Oct-2020","EQ","1,201.00","1,237.00","1,191.65","1,191.80","1,235.20","1,233.55","1,218.62","1,305.50","738.75",22486215,"27,402,147,398.55",338324
"08-Oct-2020","EQ","1,180.00","1,203.00","1,163.35","1,162.25","1,189.90","1,191.80","1,187.94","1,305.50","738.75",17530368,"20,825,050,397.45",242763
"07-Oct-2020","EQ","1,144.90","1,164.85","1,137.60","1,144.10","1,160.50","1,162.25","1,154.88","1,305.50","738.75",10624527,"12,270,100,197.00",210164
"06-Oct-2020","EQ","1,135.05","1,148.00","1,126.20","1,114.35","1,143.15","1,144.10","1,137.63","1,305.50","738.75",9685997,"11,019,111,125.30",214476
"05-Oct-2020","EQ","1,112.00","1,132.00","1,111.00","1,106.95","1,112.50","1,114.35","1,121.66","1,305.50","738.75",8470109,"9,500,543,768.35",160877
"01-Oct-2020","EQ","1,090.10","1,110.00","1,090.10","1,078.60","1,108.00","1,106.95","1,099.60","1,305.50","738.75",10601566,"11,657,442,720.45",173095
"30-Sep-2020","EQ","1,060.00","1,086.90","1,052.00","1,062.55","1,078.00","1,078.60","1,070.11","1,305.50","738.75",9407038,"10,066,598,890.80",226805
"29-Sep-2020","EQ","1,058.00","1,069.90","1,051.00","1,054.20","1,064.40","1,062.55","1,059.74","1,305.50","738.75",6322274,"6,699,937,414.90",106799
"28-Sep-2020","EQ","1,048.95","1,059.00","1,042.65","1,044.00","1,058.00","1,054.20","1,053.08","1,305.50","738.75",8076211,"8,504,877,498.60",133937
"25-Sep-2020","EQ","1,050.00","1,051.95","1,025.65","1,030.40","1,042.55","1,044.00","1,038.13","1,305.50","738.75",10160775,"10,548,254,280.00",162790
"24-Sep-2020","EQ","1,038.00","1,047.00","1,025.00","1,047.25","1,030.50","1,030.40","1,035.26","1,305.50","738.75",9904895,"10,254,115,892.95",198189
"23-Sep-2020","EQ","1,046.00","1,055.00","1,034.35","1,035.40","1,048.95","1,047.25","1,046.38","1,305.50","738.75",8039935,"8,412,863,750.95",181416
"22-Sep-2020","EQ","1,054.05","1,058.15","1,029.50","1,049.30","1,038.00","1,035.40","1,042.49","1,305.50","738.75",9310339,"9,705,907,839.55",218683
"21-Sep-2020","EQ","1,055.00","1,071.35","1,041.50","1,057.30","1,042.10","1,049.30","1,058.70","1,305.50","738.75",9921439,"10,503,830,354.45",206109
"18-Sep-2020","EQ","1,092.00","1,092.20","1,047.20","1,083.60","1,058.90","1,057.30","1,068.82","2,262.65","738.75",11740889,"12,548,919,022.40",194150
"17-Sep-2020","EQ","1,084.00","1,094.00","1,078.00","1,093.65","1,085.50","1,083.60","1,087.14","2,262.65","738.75",9159413,"9,957,605,566.05",130623
"16-Sep-2020","EQ","1,070.20","1,096.00","1,068.35","1,070.50","1,092.50","1,093.65","1,084.56","2,262.65","738.75",9355126,"10,146,158,177.20",169907
"15-Sep-2020","EQ","1,068.00","1,076.15","1,058.10","1,057.95","1,073.70","1,070.50","1,066.57","2,262.65","738.75",8252566,"8,801,920,567.75",147079
"14-Sep-2020","EQ","1,088.00","1,094.00","1,052.35","1,078.65","1,057.05","1,057.95","1,073.19","2,262.65","738.75",10825874,"11,618,227,245.70",215379
"11-Sep-2020","EQ","1,096.45","1,104.85","1,071.00","1,090.55","1,080.50","1,078.65","1,083.30","2,288.80","738.75",10397545,"11,263,633,320.80",201271
"10-Sep-2020","EQ","1,103.00","1,104.85","1,084.00","1,096.50","1,091.95","1,090.55","1,095.11","2,288.80","738.75",7594209,"8,316,493,920.50",132365
"09-Sep-2020","EQ","1,101.00","1,110.00","1,091.25","1,112.45","1,095.95","1,096.50","1,099.31","2,288.80","738.75",7864545,"8,645,552,641.80",136765
"08-Sep-2020","EQ","1,114.00","1,118.80","1,103.00","1,110.50","1,112.05","1,112.45","1,112.00","2,288.80","738.75",7312460,"8,131,452,200.70",160085
"07-Sep-2020","EQ","1,116.30","1,119.50","1,099.00","1,119.30","1,112.00","1,110.50","1,109.77","2,288.80","738.75",8807764,"9,774,635,499.85",165759
"04-Sep-2020","EQ","1,110.00","1,125.40","1,104.40","1,130.90","1,119.00","1,119.30","1,114.55","2,288.80","738.75",11830686,"13,185,884,649.25",215475
"03-Sep-2020","EQ","1,137.25","1,145.95","1,128.00","1,134.15","1,130.35","1,130.90","1,138.33","2,288.80","738.75",9916701,"11,288,501,148.90",164687
"02-Sep-2020","EQ","1,124.10","1,139.00","1,120.70","1,127.30","1,133.70","1,134.15","1,130.82","2,288.80","738.75",9880855,"11,173,484,461.95",137409
"01-Sep-2020","EQ","1,128.00","1,143.60","1,108.00","1,115.85","1,123.95","1,127.30","1,128.00","2,288.80","738.75",14438949,"16,287,152,244.45",217329
"31-Aug-2020","EQ","1,129.50","1,148.80","1,100.70","1,114.50","1,111.65","1,115.85","1,126.33","2,288.80","738.75",19250721,"21,682,636,226.80",267840
"28-Aug-2020","EQ","1,111.95","1,125.00","1,095.00","1,112.10","1,117.60","1,114.50","1,111.75","2,288.80","738.75",19349069,"21,511,391,001.70",260599
"27-Aug-2020","EQ","1,125.80","1,129.90","1,106.25","1,118.45","1,114.35","1,112.10","1,117.89","2,288.80","738.75",10323015,"11,540,043,391.20",184107
"26-Aug-2020","EQ","1,121.00","1,131.75","1,109.50","1,119.70","1,118.50","1,118.45","1,118.92","2,288.80","738.75",12595131,"14,092,892,254.10",164529
"25-Aug-2020","EQ","1,119.00","1,127.00","1,106.20","1,117.05","1,120.75","1,119.70","1,116.31","2,288.80","738.75",13800972,"15,406,108,014.20",206191
"24-Aug-2020","EQ","1,086.00","1,122.95","1,085.65","1,085.65","1,114.80","1,117.05","1,112.49","2,288.80","738.75",18389929,"20,458,608,459.75",282003
"21-Aug-2020","EQ","1,065.40","1,088.80","1,064.60","1,059.00","1,085.70","1,085.65","1,081.52","2,288.80","738.75",14462237,"15,641,184,568.60",228261
"20-Aug-2020","EQ","1,054.95","1,068.95","1,052.00","1,066.60","1,057.35","1,059.00","1,059.30","2,288.80","738.75",9608591,"10,178,400,071.80",149244
"19-Aug-2020","EQ","1,065.00","1,069.80","1,056.25","1,056.50","1,065.95","1,066.60","1,063.75","2,288.80","738.75",8858056,"9,422,741,414.60",157562
"18-Aug-2020","EQ","1,028.00","1,061.65","1,022.00","1,032.75","1,056.60","1,056.50","1,044.74","2,288.80","738.75",12020562,"12,558,337,618.40",193067
"17-Aug-2020","EQ","1,047.00","1,047.00","1,020.20","1,034.45","1,034.00","1,032.75","1,031.26","2,288.80","738.75",9780591,"10,086,346,720.35",175355
"14-Aug-2020","EQ","1,065.90","1,065.90","1,027.30","1,059.05","1,035.00","1,034.45","1,047.20","2,288.80","738.75",10462350,"10,956,159,018.35",213350
"13-Aug-2020","EQ","1,067.95","1,071.35","1,056.50","1,063.70","1,060.95","1,059.05","1,063.05","2,288.80","738.75",9946370,"10,573,451,442.80",128692
"12-Aug-2020","EQ","1,065.00","1,066.00","1,048.00","1,066.65","1,063.00","1,063.70","1,057.73","2,288.80","738.75",10333222,"10,929,750,519.45",158659
"11-Aug-2020","EQ","1,048.50","1,071.00","1,048.50","1,050.65","1,070.95","1,066.65","1,062.91","2,288.80","738.75",10068150,"10,701,552,832.20",157609
"10-Aug-2020","EQ","1,044.00","1,064.00","1,043.80","1,043.85","1,052.00","1,050.65","1,055.90","2,288.80","738.75",11086465,"11,706,189,103.00",166247
"07-Aug-2020","EQ","1,034.85","1,047.20","1,020.60","1,040.70","1,043.85","1,043.85","1,034.69","2,289.00","738.75",12418816,"12,849,598,351.00",178249
"06-Aug-2020","EQ","1,037.00","1,055.00","1,026.25","1,027.55","1,041.45","1,040.70","1,041.75","2,289.00","738.75",16823558,"17,525,988,624.40",245766
"05-Aug-2020","EQ","1,047.95","1,055.80","1,020.00","1,041.65","1,030.95","1,027.55","1,035.64","2,289.00","738.75",16610696,"17,202,655,726.05",270414
"04-Aug-2020","EQ","1,008.00","1,061.05","1,003.00","1,002.00","1,040.20","1,041.65","1,039.32","2,289.00","738.75",30153418,"31,339,154,328.15",472527
"03-Aug-2020","EQ","1,025.95","1,026.95","993.00","1,032.80","1,005.90","1,002.00","1,007.50","2,289.00","738.75",15891781,"16,011,037,011.45",343632
"31-Jul-2020","EQ","1,057.70","1,057.70","1,020.05","1,050.65","1,033.25","1,032.80","1,031.43","2,289.00","738.75",18865230,"19,458,084,557.50",325344
"30-Jul-2020","EQ","1,074.00","1,083.65","1,046.70","1,064.60","1,050.45","1,050.65","1,064.47","2,289.00","738.75",13478951,"14,347,987,979.40",251700
"29-Jul-2020","EQ","1,081.00","1,088.50","1,055.55","1,086.65","1,065.00","1,064.60","1,072.25","2,289.00","738.75",16796652,"18,010,253,418.00",303428
"28-Jul-2020","EQ","1,079.00","1,094.40","1,059.50","1,079.50","1,084.70","1,086.65","1,080.90","2,289.00","738.75",17798330,"19,238,296,402.20",311878
"27-Jul-2020","EQ","1,099.85","1,103.00","1,075.35","1,119.10","1,079.95","1,079.50","1,084.25","2,289.00","738.75",18985167,"20,584,576,451.50",312366
"24-Jul-2020","EQ","1,122.90","1,122.90","1,101.25","1,130.40","1,120.00","1,119.10","1,112.21","2,349.85","738.75",9799222,"10,898,804,741.95",166565
"23-Jul-2020","EQ","1,125.00","1,143.90","1,116.25","1,126.35","1,129.80","1,130.40","1,133.04","2,349.85","738.75",10074805,"11,415,185,695.25",179616
"22-Jul-2020","EQ","1,138.50","1,144.50","1,117.55","1,138.55","1,128.00","1,126.35","1,124.94","2,349.85","738.75",12359024,"13,903,126,763.35",189616
"21-Jul-2020","EQ","1,152.05","1,157.95","1,134.00","1,133.05","1,139.90","1,138.55","1,142.37","2,349.85","738.75",23757768,"27,140,071,773.55",281983
"20-Jul-2020","EQ","1,135.00","1,152.90","1,124.15","1,098.45","1,130.00","1,133.05","1,138.35","2,349.85","738.75",32562064,"37,067,090,452.55",505889
"17-Jul-2020","EQ","1,059.05","1,104.00","1,058.30","1,062.55","1,103.35","1,098.45","1,080.41","2,429.00","738.75",14202933,"15,345,022,436.10",217615
"16-Jul-2020","EQ","1,053.65","1,065.50","1,034.10","1,053.15","1,059.15","1,062.55","1,048.11","2,429.00","738.75",11831256,"12,400,487,286.25",204641
"15-Jul-2020","EQ","1,070.20","1,079.00","1,050.10","1,058.85","1,054.75","1,053.15","1,066.96","2,429.00","738.75",10487246,"11,189,519,775.55",177552
"14-Jul-2020","EQ","1,062.60","1,068.90","1,050.00","1,080.25","1,061.45","1,058.85","1,057.27","2,429.00","738.75",13306511,"14,068,551,633.70",296972
"13-Jul-2020","EQ","1,109.90","1,113.00","1,071.30","1,105.10","1,083.55","1,080.25","1,086.03","2,429.00","738.75",14961695,"16,248,881,581.00",265343
"10-Jul-2020","EQ","1,117.90","1,120.00","1,099.55","1,124.95","1,106.65","1,105.10","1,108.80","2,474.60","738.75",8781604,"9,737,028,635.05",161321
"09-Jul-2020","EQ","1,118.00","1,129.70","1,107.25","1,110.35","1,127.00","1,124.95","1,121.08","2,474.60","738.75",10057717,"11,275,520,678.55",143088
"08-Jul-2020","EQ","1,107.00","1,124.90","1,105.00","1,105.15","1,110.30","1,110.35","1,115.55","2,474.60","738.75",15028412,"16,765,006,215.95",221878
"07-Jul-2020","EQ","1,109.40","1,111.70","1,093.05","1,103.00","1,104.00","1,105.15","1,101.79","2,474.60","738.75",12175425,"13,414,749,481.80",191000
"06-Jul-2020","EQ","1,107.95","1,119.90","1,100.00","1,073.95","1,102.45","1,103.00","1,109.16","2,474.60","738.75",17779243,"19,720,041,008.30",288861
"03-Jul-2020","EQ","1,093.00","1,095.80","1,070.00","1,089.40","1,075.50","1,073.95","1,079.30","2,503.30","738.75",13798879,"14,893,162,920.85",227183
"02-Jul-2020","EQ","1,090.30","1,111.25","1,085.20","1,084.60","1,091.50","1,089.40","1,098.30","2,503.30","738.75",18477248,"20,293,649,222.35",268683
"01-Jul-2020","EQ","1,065.85","1,096.00","1,061.30","1,065.85","1,079.50","1,084.60","1,083.32","2,503.30","738.75",17423378,"18,875,108,749.35",231200
"30-Jun-2020","EQ","1,074.00","1,078.55","1,056.30","1,076.05","1,066.45","1,065.85","1,068.09","2,503.30","738.75",17873316,"19,090,256,874.05",282325
"29-Jun-2020","EQ","1,037.00","1,082.60","1,037.00","1,056.45","1,075.50","1,076.05","1,058.38","2,503.30","738.75",23003725,"24,346,771,790.20",361163
"26-Jun-2020","EQ","1,041.00","1,063.00","1,028.00","1,028.75","1,058.50","1,056.45","1,041.81","2,503.30","738.75",19986677,"20,822,382,331.40",346461
"25-Jun-2020","EQ","1,021.90","1,049.00","1,007.00","1,032.50","1,035.00","1,028.75","1,026.56","2,503.30","738.75",35323457,"36,261,515,753.10",361881
"24-Jun-2020","EQ","1,048.50","1,057.50","1,030.05","1,042.30","1,031.95","1,032.50","1,043.88","2,503.30","738.75",19714664,"20,579,739,217.60",356432
"23-Jun-2020","EQ","1,039.00","1,045.00","1,016.55","1,028.75","1,045.00","1,042.30","1,031.23","2,503.30","738.75",14415640,"14,865,898,484.45",231379
"22-Jun-2020","EQ","1,039.45","1,045.95","1,023.80","1,033.35","1,029.00","1,028.75","1,038.22","2,503.30","738.75",14847321,"15,414,841,315.40",295528
"19-Jun-2020","EQ","1,017.95","1,043.00","1,012.15","1,019.95","1,032.95","1,033.35","1,029.14","2,503.30","738.75",23939324,"24,637,000,247.75",330341
"18-Jun-2020","EQ","980.00","1,024.90","972.00","979.25","1,017.60","1,019.95","998.66","2,503.30","738.75",20435469,"20,408,019,924.10",283491
"17-Jun-2020","EQ","989.00","998.90","973.25","990.40","978.65","979.25","985.61","2,503.30","738.75",18479504,"18,213,663,531.15",263560
"16-Jun-2020","EQ","975.00","993.95","952.00","949.85","989.15","990.40","978.56","2,503.30","738.75",22700113,"22,213,351,845.00",318791
"15-Jun-2020","EQ","968.00","974.00","943.00","982.75","951.75","949.85","954.63","2,503.30","738.75",16004973,"15,278,832,372.60",261144
"12-Jun-2020","EQ","928.00","986.65","928.00","968.60","977.10","982.75","959.62","2,503.30","738.75",21322880,"20,461,954,341.05",329375
"11-Jun-2020","EQ","985.00","988.40","965.00","991.85","969.30","968.60","976.14","2,503.30","738.75",15449142,"15,080,485,300.95",290542
"10-Jun-2020","EQ","990.00","999.85","978.20","987.30","993.00","991.85","989.98","2,503.30","738.75",18248880,"18,066,101,468.50",263364
"09-Jun-2020","EQ","1,020.00","1,026.75","979.55","1,015.90","984.45","987.30","1,004.50","2,503.30","738.75",30922894,"31,062,063,304.35",417245
"08-Jun-2020","EQ","1,060.00","1,066.65","1,006.40","1,033.35","1,016.80","1,015.90","1,031.68","2,503.30","738.75",24906362,"25,695,464,731.70",388541
"05-Jun-2020","EQ","1,003.10","1,042.40","1,002.80","1,001.70","1,039.05","1,033.35","1,022.13","2,503.30","738.75",17598103,"17,987,626,065.25",281754
"04-Jun-2020","EQ","1,028.05","1,038.95","991.10","1,022.25","995.00","1,001.70","1,015.67","2,503.30","738.75",27139478,"27,564,675,122.50",406454
"03-Jun-2020","EQ","1,020.00","1,046.25","1,015.45","1,001.00","1,023.00","1,022.25","1,029.96","2,503.30","738.75",25273067,"26,030,319,863.80",336920
"02-Jun-2020","EQ","986.70","1,005.00","975.20","987.65","1,005.00","1,001.00","993.25","2,503.30","738.75",20811909,"20,671,440,824.50",312508
"01-Jun-2020","EQ","975.00","995.00","966.10","951.65","984.05","987.65","987.51","2,503.30","738.75",19595373,"19,350,540,625.65",294542
"29-May-2020","EQ","944.00","955.00","923.45","945.25","947.10","951.65","937.44","2,503.30","738.75",26512600,"24,853,972,529.55",352639
"28-May-2020","EQ","920.00","950.00","913.95","903.65","947.50","945.25","938.36","2,503.30","738.75",37744926,"35,418,447,868.85",631552
"27-May-2020","EQ","859.90","909.80","857.15","852.40","901.40","903.65","881.85","2,503.30","738.75",28013227,"24,703,584,077.90",388895
"26-May-2020","EQ","857.00","871.75","848.75","838.85","858.00","852.40","860.62","2,503.30","738.75",19002589,"16,354,024,458.40",303415
"22-May-2020","EQ","850.00","870.30","833.05","859.55","842.65","838.85","844.52","2,503.30","738.75",21025849,"17,756,809,302.45",382888
"21-May-2020","EQ","861.45","884.00","852.30","857.10","860.40","859.55","870.64","2,503.30","738.75",24239683,"21,104,074,910.85",416994
"20-May-2020","EQ","836.45","864.00","832.20","830.65","863.50","857.10","844.42","2,503.30","738.75",20007413,"16,894,738,592.95",359835
"19-May-2020","EQ","860.85","867.30","826.10","836.65","832.85","830.65","846.32","2,503.30","738.75",23730561,"20,083,766,361.00",415550
"18-May-2020","EQ","888.00","888.00","831.30","888.15","838.00","836.65","847.83","2,503.30","738.75",23326656,"19,776,954,026.30",533951
"15-May-2020","EQ","890.50","892.40","875.00","893.70","888.00","888.15","885.00","2,503.30","738.75",12174870,"10,774,797,134.75",280499
"14-May-2020","EQ","898.00","911.00","890.00","927.65","893.85","893.70","899.79","2,503.30","738.75",19777445,"17,795,529,260.15",364023
"13-May-2020","EQ","951.00","960.00","922.10","901.55","928.95","927.65","938.46","2,503.30","738.75",22173554,"20,809,009,862.75",396148
"12-May-2020","EQ","901.00","909.40","871.10","915.80","902.50","901.55","888.33","2,503.30","738.75",24784324,"22,016,571,132.50",516512
"11-May-2020","EQ","937.00","954.00","914.00","929.05","915.90","915.80","934.32","2,503.30","738.75",14275392,"13,337,759,315.60",316129
"08-May-2020","EQ","942.00","943.95","925.20","925.00","930.00","929.05","932.46","2,503.30","738.75",10403747,"9,701,068,994.85",176643
"07-May-2020","EQ","940.50","943.30","921.35","946.40","927.30","925.00","930.31","2,503.30","738.75",10916003,"10,155,309,605.55",226640
"06-May-2020","EQ","919.00","950.00","905.65","911.45","946.55","946.40","936.39","2,503.30","738.75",16893140,"15,818,501,983.40",310813
"05-May-2020","EQ","938.00","944.00","908.05","923.00","914.50","911.45","928.05","2,503.30","738.75",14837190,"13,769,583,591.90",298424
"04-May-2020","EQ","957.50","960.00","917.50","1,001.80","924.90","923.00","932.42","2,503.30","738.75",13361177,"12,458,166,946.10",383166
"30-Apr-2020","EQ","1,001.40","1,019.00","992.10","977.10","1,000.00","1,001.80","1,006.05","2,503.30","738.75",21897643,"22,030,130,436.10",451072
"29-Apr-2020","EQ","935.00","992.70","934.10","931.40","970.05","977.10","964.08","2,503.30","738.75",27939019,"26,935,417,994.95",450180
"28-Apr-2020","EQ","943.80","943.80","922.00","929.70","933.30","931.40","930.50","2,503.30","738.75",14720773,"13,697,606,349.35",239400
"27-Apr-2020","EQ","945.15","957.40","926.30","938.05","929.95","929.70","941.28","2,503.30","738.75",13710727,"12,905,669,876.50",266336
"24-Apr-2020","EQ","933.00","958.40","926.00","954.95","937.00","938.05","938.02","2,503.30","738.75",16642831,"15,611,268,244.20",293787
"23-Apr-2020","EQ","935.00","958.50","912.55","928.60","952.10","954.95","939.81","2,503.30","738.75",20450895,"19,219,911,302.15",424855
"22-Apr-2020","EQ","919.15","933.00","907.30","921.65","929.75","928.60","920.24","2,503.30","738.75",19144678,"17,617,671,415.90",258479
"21-Apr-2020","EQ","925.00","934.00","908.00","944.85","919.15","921.65","922.24","2,503.30","738.75",16589148,"15,299,196,199.55",291815
"20-Apr-2020","EQ","951.00","960.95","935.00","910.30","943.30","944.85","945.70","2,503.30","738.75",33116614,"31,318,495,817.80",555965
"17-Apr-2020","EQ","915.00","920.00","887.25","879.75","915.10","910.30","906.63","2,503.30","738.75",27941831,"25,333,029,144.80",453652
"16-Apr-2020","EQ","865.00","890.70","856.25","863.30","884.25","879.75","870.76","2,503.30","738.75",26927231,"23,447,030,480.50",467724
"15-Apr-2020","EQ","930.50","930.50","843.00","895.35","865.15","863.30","885.42","2,503.30","738.75",28989523,"25,667,931,187.70",517354
"13-Apr-2020","EQ","934.00","946.70","886.20","925.05","897.80","895.35","907.82","2,503.30","738.75",17079259,"15,504,828,498.50",389148
"09-Apr-2020","EQ","913.00","930.90","890.00","888.90","922.10","925.05","913.38","2,503.30","738.75",22229012,"20,303,462,865.40",417910
"08-Apr-2020","EQ","879.95","945.00","866.10","896.10","888.70","888.90","902.09","2,503.30","738.75",28109877,"25,357,609,084.60",503019
"07-Apr-2020","EQ","874.00","907.30","845.35","813.85","895.80","896.10","871.57","2,503.30","738.75",30206626,"26,327,315,325.80",475198
"03-Apr-2020","EQ","843.00","844.00","810.00","829.65","811.00","813.85","825.26","2,503.30","738.75",17499063,"14,441,317,976.20",392455
"01-Apr-2020","EQ","863.85","863.85","820.00","861.90","829.55","829.65","831.99","2,503.30","738.75",14551758,"12,106,933,301.25",354947
"31-Mar-2020","EQ","853.80","873.60","838.00","831.65","857.95","861.90","854.73","2,503.30","738.75",17605997,"15,048,445,041.15",411360
"30-Mar-2020","EQ","880.00","887.00","828.00","904.45","831.00","831.65","858.48","2,503.30","738.75",19634313,"16,855,655,095.40",491743
"27-Mar-2020","EQ","944.95","988.65","872.10","901.10","900.00","904.45","923.14","2,503.30","738.75",27619436,"25,496,667,368.35",651440
"26-Mar-2020","EQ","870.10","937.70","841.00","856.75","898.00","901.10","898.62","2,503.30","738.75",28521681,"25,630,140,172.80",627160
"25-Mar-2020","EQ","770.45","867.45","755.25","767.70","863.00","856.75","803.92","2,503.30","738.75",23614449,"18,984,055,133.70",608039
"24-Mar-2020","EQ","795.25","810.00","738.75","771.55","774.80","767.70","775.82","2,503.30","738.75",30528676,"23,684,712,047.25",634897
"23-Mar-2020","EQ","794.60","838.75","765.00","882.85","778.90","771.55","784.50","2,503.30","765.00",25142273,"19,724,138,348.90",590210
"20-Mar-2020","EQ","875.00","914.60","824.55","895.55","881.25","882.85","868.05","2,503.30","795.00",44319015,"38,471,082,495.00",790631
"19-Mar-2020","EQ","847.00","919.95","795.00","876.90","904.60","895.55","857.03","2,503.30","795.00",33610239,"28,805,078,999.25",632617
"18-Mar-2020","EQ","985.00","993.00","865.00","975.10","898.50","876.90","916.25","2,503.30","865.00",30593809,"28,031,432,118.60",652391
"17-Mar-2020","EQ","1,008.00","1,010.00","954.70","999.50","976.20","975.10","982.62","2,503.30","919.20",21338641,"20,967,841,371.15",447922
"16-Mar-2020","EQ","1,035.00","1,037.00","995.00","1,069.80","1,001.25","999.50","1,013.09","2,503.30","919.20",15993174,"16,202,484,604.30",430742
"13-Mar-2020","EQ","980.05","1,081.45","919.20","1,021.30","1,074.00","1,069.80","1,018.30","2,503.30","919.20",33171603,"33,778,614,285.40",541649
"12-Mar-2020","EQ","1,075.00","1,080.00","1,003.45","1,113.80","1,032.00","1,021.30","1,036.26","2,503.30","1,003.45",29500406,"30,570,004,192.95",503472
"11-Mar-2020","EQ","1,105.00","1,120.00","1,092.00","1,107.30","1,110.00","1,113.80","1,105.77","2,503.30","1,065.00",17769198,"19,648,640,086.25",344285
"09-Mar-2020","EQ","1,110.00","1,118.40","1,065.00","1,134.90","1,112.00","1,107.30","1,094.80","2,503.30","1,065.00",17210297,"18,841,871,874.25",427518
"06-Mar-2020","EQ","1,125.00","1,140.90","1,101.00","1,151.35","1,134.00","1,134.90","1,124.34","2,503.30","1,084.00",11526783,"12,959,999,027.40",272373
"05-Mar-2020","EQ","1,153.00","1,165.00","1,142.75","1,148.85","1,149.00","1,151.35","1,155.77","2,503.30","1,084.00",9774854,"11,297,450,389.35",262470
"04-Mar-2020","EQ","1,178.35","1,180.00","1,133.10","1,181.80","1,149.15","1,148.85","1,152.73","2,503.30","1,084.00",17144435,"19,762,846,784.70",503032
"03-Mar-2020","EQ","1,175.00","1,185.35","1,168.00","1,179.60","1,182.50","1,181.80","1,178.14","2,503.30","1,084.00",11184775,"13,177,181,997.65",233028
"02-Mar-2020","EQ","1,200.20","1,201.15","1,166.15","1,177.65","1,185.00","1,179.60","1,184.61","2,503.30","1,084.00",7332449,"8,686,077,365.55",197905
"28-Feb-2020","EQ","1,175.50","1,185.00","1,170.10","1,199.45","1,178.80","1,177.65","1,176.25","2,503.30","1,084.00",12156528,"14,299,167,014.40",276737
"27-Feb-2020","EQ","1,195.00","1,202.50","1,181.00","1,199.25","1,199.65","1,199.45","1,191.25","2,503.30","1,084.00",10327549,"12,302,665,880.20",241038
"26-Feb-2020","EQ","1,197.50","1,204.70","1,185.65","1,200.30","1,201.10","1,199.25","1,195.09","2,503.30","1,084.00",6907393,"8,254,956,318.75",191519
"25-Feb-2020","EQ","1,204.00","1,209.00","1,198.00","1,209.95","1,201.80","1,200.30","1,201.07","2,503.30","1,084.00",6943340,"8,339,458,217.80",193249
"24-Feb-2020","EQ","1,208.95","1,214.75","1,200.00","1,217.10","1,210.25","1,209.95","1,205.66","2,503.30","1,084.00",8284042,"9,987,753,564.30",199969
"20-Feb-2020","EQ","1,230.00","1,230.00","1,214.10","1,227.20","1,217.00","1,217.10","1,221.38","2,503.30","1,084.00",5561707,"6,792,970,359.70",146273
"19-Feb-2020","EQ","1,222.50","1,230.00","1,213.90","1,213.25","1,227.20","1,227.20","1,221.68","2,503.30","1,084.00",5006134,"6,115,909,249.10",101692
"18-Feb-2020","EQ","1,216.90","1,218.50","1,203.50","1,217.15","1,217.05","1,213.25","1,209.57","2,503.30","1,084.00",5264558,"6,367,872,772.45",119172
"17-Feb-2020","EQ","1,225.00","1,233.00","1,214.45","1,219.35","1,218.00","1,217.15","1,221.46","2,503.30","1,084.00",5076345,"6,200,535,024.85",157333
"14-Feb-2020","EQ","1,243.20","1,248.40","1,215.00","1,241.40","1,219.45","1,219.35","1,227.78","2,503.30","1,084.00",7344429,"9,017,358,547.30",167779
"13-Feb-2020","EQ","1,259.90","1,259.90","1,233.60","1,249.00","1,239.50","1,241.40","1,241.95","2,503.30","1,084.00",4556070,"5,658,432,160.20",97099
"12-Feb-2020","EQ","1,245.20","1,252.90","1,244.05","1,240.60","1,249.00","1,249.00","1,249.42","2,503.30","1,084.00",3148965,"3,934,383,166.55",87413
"11-Feb-2020","EQ","1,243.30","1,255.00","1,238.05","1,240.30","1,239.90","1,240.60","1,246.80","2,503.30","1,084.00",5806760,"7,239,873,153.45",98063
"10-Feb-2020","EQ","1,242.95","1,242.95","1,226.05","1,242.20","1,240.95","1,240.30","1,235.68","2,503.30","1,084.00",4609917,"5,696,388,107.65",105140
"07-Feb-2020","EQ","1,246.00","1,247.00","1,231.60","1,239.80","1,240.00","1,242.20","1,238.21","2,503.30","1,084.00",3407724,"4,219,486,810.85",81299
"06-Feb-2020","EQ","1,244.65","1,248.70","1,237.20","1,244.65","1,239.95","1,239.80","1,242.01","2,503.30","1,084.00",5913775,"7,344,982,424.55",126190
"05-Feb-2020","EQ","1,234.90","1,248.00","1,227.30","1,229.80","1,246.00","1,244.65","1,237.42","2,503.30","1,084.00",9010341,"11,149,564,568.10",150882
"04-Feb-2020","EQ","1,198.00","1,234.00","1,198.00","1,192.80","1,229.00","1,229.80","1,222.00","2,503.30","1,084.00",10448852,"12,768,529,290.90",173447
"03-Feb-2020","EQ","1,197.00","1,197.95","1,177.70","1,198.70","1,194.00","1,192.80","1,188.67","2,503.30","1,084.00",6538505,"7,772,096,364.25",251382
"01-Feb-2020","EQ","1,220.00","1,227.70","1,191.35","1,226.30","1,192.50","1,198.70","1,210.20","2,503.30","1,084.00",4913643,"5,946,467,662.40",132683
"31-Jan-2020","EQ","1,231.45","1,237.80","1,220.25","1,226.05","1,224.25","1,226.30","1,230.24","2,503.30","1,084.00",5589134,"6,876,000,868.35",169641
"30-Jan-2020","EQ","1,238.95","1,238.95","1,217.20","1,235.85","1,227.90","1,226.05","1,224.75","2,503.30","1,084.00",6055992,"7,417,090,655.15",195593
"29-Jan-2020","EQ","1,225.30","1,242.00","1,222.25","1,223.20","1,235.80","1,235.85","1,235.01","2,503.30","1,084.00",6894175,"8,514,372,123.25",155174
"28-Jan-2020","EQ","1,218.80","1,227.80","1,213.25","1,213.20","1,223.10","1,223.20","1,221.37","2,503.30","1,084.00",6706079,"8,190,599,143.00",219199
"27-Jan-2020","EQ","1,235.00","1,235.00","1,211.75","1,244.55","1,213.50","1,213.20","1,220.97","2,503.30","1,084.00",9444276,"11,531,192,819.45",268331
"24-Jan-2020","EQ","1,246.00","1,254.00","1,239.10","1,244.85","1,245.80","1,244.55","1,247.28","2,503.30","1,084.00",5915878,"7,378,771,197.30",138884
"23-Jan-2020","EQ","1,240.00","1,246.85","1,231.00","1,240.85","1,245.35","1,244.85","1,240.93","2,503.30","1,084.00",5754460,"7,140,906,437.50",176401
"22-Jan-2020","EQ","1,248.05","1,255.00","1,234.40","1,244.35","1,241.85","1,240.85","1,243.37","2,503.30","1,084.00",9184155,"11,419,277,034.85",146555
"21-Jan-2020","EQ","1,250.00","1,250.00","1,238.40","1,254.90","1,244.90","1,244.35","1,244.14","2,503.30","1,084.00",7492402,"9,321,621,104.55",216589
"20-Jan-2020","EQ","1,304.85","1,304.85","1,252.50","1,278.15","1,257.35","1,254.90","1,265.00","2,503.30","1,084.00",11089225,"14,027,827,939.05",245672
"17-Jan-2020","EQ","1,281.75","1,284.90","1,271.90","1,287.65","1,277.40","1,278.15","1,277.38","2,503.30","1,084.00",8459407,"10,805,901,963.60",136379
"16-Jan-2020","EQ","1,282.05","1,291.00","1,279.35","1,284.25","1,287.50","1,287.65","1,285.32","2,503.30","1,084.00",3575200,"4,595,266,982.80",93131
"15-Jan-2020","EQ","1,286.40","1,287.95","1,274.10","1,289.50","1,285.05","1,284.25","1,280.62","2,503.30","1,084.00",5893724,"7,547,649,403.30",105548
"14-Jan-2020","EQ","1,289.00","1,292.55","1,277.50","1,286.00","1,288.00","1,289.50","1,284.81","2,503.30","1,084.00",3943145,"5,066,203,793.15",91722
"13-Jan-2020","EQ","1,282.70","1,296.50","1,276.00","1,282.70","1,287.00","1,286.00","1,289.33","2,503.30","1,084.00",3725784,"4,803,755,674.70",107121
"10-Jan-2020","EQ","1,284.10","1,286.90","1,275.10","1,271.40","1,281.00","1,282.70","1,282.11","2,503.30","1,084.00",4607290,"5,907,037,339.20",123583
"09-Jan-2020","EQ","1,265.00","1,275.80","1,263.10","1,257.30","1,271.80","1,271.40","1,271.27","2,503.30","1,084.00",4773158,"6,067,965,129.35",125829
"08-Jan-2020","EQ","1,246.95","1,262.15","1,240.05","1,260.60","1,256.00","1,257.30","1,253.71","2,503.30","1,084.00",5666055,"7,103,612,130.00",141795
"07-Jan-2020","EQ","1,258.90","1,271.45","1,252.25","1,240.95","1,261.00","1,260.60","1,261.48","2,503.30","1,084.00",7362247,"9,287,301,543.65",189026
"06-Jan-2020","EQ","1,260.00","1,261.80","1,236.00","1,268.40","1,240.25","1,240.95","1,247.24","2,503.30","1,084.00",5445093,"6,791,347,831.05",155007
"03-Jan-2020","EQ","1,282.20","1,285.00","1,263.60","1,286.75","1,268.50","1,268.40","1,270.48","2,503.30","1,084.00",5427775,"6,895,885,753.85",157066
"02-Jan-2020","EQ","1,279.00","1,288.00","1,279.00","1,278.60","1,286.00","1,286.75","1,284.56","2,503.30","1,084.00",3068583,"3,941,791,536.35",104570
"01-Jan-2020","EQ","1,276.10","1,280.00","1,270.60","1,272.10","1,279.00","1,278.60","1,276.64","2,503.30","1,084.00",1836849,"2,345,000,988.70",46625
"31-Dec-2019","EQ","1,281.95","1,281.95","1,268.65","1,282.15","1,275.50","1,272.10","1,272.87","2,503.30","1,084.00",4178528,"5,318,720,963.95",127264
"30-Dec-2019","EQ","1,282.00","1,288.75","1,274.05","1,275.00","1,284.90","1,282.15","1,282.10","2,503.30","1,084.00",4667095,"5,983,704,059.55",116012
"27-Dec-2019","EQ","1,272.00","1,279.00","1,270.00","1,270.45","1,275.75","1,275.00","1,275.30","2,503.30","1,084.00",3546496,"4,522,859,102.10",104711
"26-Dec-2019","EQ","1,289.70","1,291.85","1,264.65","1,289.15","1,269.85","1,270.45","1,274.91","2,503.30","1,084.00",7474879,"9,529,779,205.65",126918
"24-Dec-2019","EQ","1,298.60","1,301.10","1,286.95","1,302.40","1,290.00","1,289.15","1,293.83","2,503.30","1,084.00",3589604,"4,644,339,997.80",91053
"23-Dec-2019","EQ","1,299.00","1,304.00","1,288.80","1,296.70","1,301.50","1,302.40","1,298.01","2,503.30","1,084.00",5097891,"6,617,101,355.25",126370
"20-Dec-2019","EQ","1,288.75","1,299.60","1,280.05","1,288.80","1,296.45","1,296.70","1,292.36","2,503.30","1,084.00",7513022,"9,709,492,966.65",141458
"19-Dec-2019","EQ","1,305.00","1,305.50","1,286.10","1,292.35","1,288.50","1,288.80","1,296.05","2,503.30","1,084.00",6509188,"8,436,211,795.40",151485
"18-Dec-2019","EQ","1,283.00","1,299.00","1,273.65","1,271.10","1,292.70","1,292.35","1,287.03","2,503.30","1,084.00",8723586,"11,227,488,009.50",201690
"17-Dec-2019","EQ","1,260.00","1,274.80","1,255.35","1,257.35","1,271.75","1,271.10","1,267.95","2,503.30","1,084.00",6213677,"7,878,637,927.25",169567
"16-Dec-2019","EQ","1,269.25","1,270.00","1,248.20","1,263.85","1,258.70","1,257.35","1,256.17","2,503.30","1,084.00",5663788,"7,114,678,289.85",246978
"13-Dec-2019","EQ","1,265.00","1,272.35","1,259.25","1,263.60","1,263.10","1,263.85","1,266.95","2,503.30","1,084.00",5887593,"7,459,262,686.80",104179
"12-Dec-2019","EQ","1,253.00","1,269.45","1,253.00","1,248.75","1,265.80","1,263.60","1,261.92","2,503.30","1,084.00",6456574,"8,147,695,875.65",142217
"11-Dec-2019","EQ","1,250.10","1,254.00","1,242.50","1,249.50","1,250.55","1,248.75","1,248.04","2,503.30","1,084.00",5527321,"6,898,336,218.40",160384
"10-Dec-2019","EQ","1,251.00","1,253.65","1,245.10","1,242.95","1,250.10","1,249.50","1,249.14","2,503.30","1,084.00",4894450,"6,113,859,550.55",137774
"09-Dec-2019","EQ","1,249.50","1,249.85","1,237.55","1,246.05","1,243.50","1,242.95","1,242.41","2,503.30","1,084.00",4132675,"5,134,473,126.30",91238
"06-Dec-2019","EQ","1,248.95","1,260.00","1,238.20","1,245.60","1,245.40","1,246.05","1,250.90","2,503.30","1,084.00",6887325,"8,615,373,629.10",148575
"05-Dec-2019","EQ","1,255.60","1,258.75","1,240.75","1,251.65","1,244.90","1,245.60","1,249.82","2,503.30","1,084.00",6386247,"7,981,674,760.30",135982
"04-Dec-2019","EQ","1,252.50","1,256.90","1,234.20","1,255.40","1,251.65","1,251.65","1,244.89","2,503.30","1,084.00",5697807,"7,093,157,131.20",160001
"03-Dec-2019","EQ","1,268.20","1,269.00","1,253.80","1,265.75","1,255.10","1,255.40","1,257.55","2,503.30","1,084.00",3495953,"4,396,324,269.00",145022
"02-Dec-2019","EQ","1,273.95","1,273.95","1,258.60","1,274.95","1,262.55","1,265.75","1,265.00","2,503.30","1,084.00",4473102,"5,658,467,295.00",140206
"29-Nov-2019","EQ","1,267.70","1,279.90","1,252.00","1,265.30","1,275.00","1,274.95","1,267.91","2,503.30","1,084.00",7783813,"9,869,209,147.60",179493
"28-Nov-2019","EQ","1,280.20","1,283.05","1,262.00","1,278.40","1,267.75","1,265.30","1,269.05","2,503.30","1,084.00",6183020,"7,846,573,348.95",126121
"27-Nov-2019","EQ","1,276.00","1,285.75","1,271.20","1,275.05","1,278.60","1,278.40","1,277.74","2,503.30","1,084.00",4790333,"6,120,781,425.40",123094
"26-Nov-2019","EQ","1,278.45","1,279.75","1,266.95","1,271.10","1,276.00","1,275.05","1,273.47","2,503.30","1,084.00",4358001,"5,549,764,593.35",162619
"25-Nov-2019","EQ","1,264.15","1,279.50","1,264.15","1,264.75","1,272.90","1,271.10","1,272.73","2,503.30","1,084.00",3946778,"5,023,175,474.65",112947
"22-Nov-2019","EQ","1,283.65","1,283.65","1,262.00","1,283.35","1,266.50","1,264.75","1,269.56","2,503.30","1,084.00",3844005,"4,880,191,775.15",101153
"21-Nov-2019","EQ","1,270.25","1,287.00","1,268.35","1,273.35","1,281.95","1,283.35","1,279.30","2,503.30","1,084.00",6009763,"7,688,314,981.00",128228
"20-Nov-2019","EQ","1,273.00","1,282.95","1,267.00","1,271.90","1,275.00","1,273.35","1,274.00","2,503.30","1,084.00",5527129,"7,041,572,649.20",109397
"19-Nov-2019","EQ","1,265.30","1,275.00","1,261.10","1,262.05","1,274.75","1,271.90","1,269.59","2,503.30","1,084.00",5285289,"6,710,158,704.45",130282
"18-Nov-2019","EQ","1,277.00","1,279.45","1,258.70","1,277.90","1,262.65","1,262.05","1,264.60","2,503.30","1,084.00",4565146,"5,773,101,976.90",143584
"15-Nov-2019","EQ","1,283.85","1,285.00","1,271.10","1,273.90","1,279.75","1,277.90","1,279.78","2,503.30","1,084.00",4639506,"5,937,530,374.55",116607
"14-Nov-2019","EQ","1,263.80","1,277.00","1,257.20","1,257.55","1,275.00","1,273.90","1,267.09","2,503.30","1,084.00",5527609,"7,003,995,795.10",124827
"13-Nov-2019","EQ","1,261.95","1,270.00","1,253.60","1,264.75","1,258.00","1,257.55","1,260.90","2,503.30","1,084.00",4646748,"5,859,068,447.60",123817
"11-Nov-2019","EQ","1,252.55","1,268.50","1,250.50","1,255.60","1,265.30","1,264.75","1,260.58","2,503.30","1,084.00",7143305,"9,004,703,936.15",87967
"08-Nov-2019","EQ","1,259.00","1,267.00","1,251.45","1,263.70","1,254.85","1,255.60","1,258.28","2,503.30","1,084.00",6625748,"8,337,070,329.90",123060
"07-Nov-2019","EQ","1,261.00","1,269.70","1,250.00","1,256.65","1,262.05","1,263.70","1,260.30","2,503.30","1,084.00",8481517,"10,689,227,499.00",158059
"06-Nov-2019","EQ","1,242.45","1,259.00","1,228.05","1,239.50","1,256.50","1,256.65","1,243.91","2,503.30","1,084.00",6065168,"7,544,516,054.50",106886
"05-Nov-2019","EQ","1,241.00","1,244.80","1,229.05","1,236.85","1,240.00","1,239.50","1,236.72","2,503.30","1,084.00",6183905,"7,647,753,429.00",116040
"04-Nov-2019","EQ","1,246.45","1,250.00","1,229.05","1,240.05","1,237.95","1,236.85","1,239.18","2,503.30","1,084.00",4967588,"6,155,741,415.20",160851
"01-Nov-2019","EQ","1,239.00","1,243.75","1,227.60","1,230.35","1,243.00","1,240.05","1,235.87","2,503.30","1,084.00",5756130,"7,113,824,716.75",144831
"31-Oct-2019","EQ","1,257.70","1,263.90","1,227.10","1,248.35","1,230.00","1,230.35","1,247.19","2,503.30","1,084.00",6608853,"8,242,505,540.00",149423
"30-Oct-2019","EQ","1,246.90","1,262.70","1,243.00","1,242.50","1,249.80","1,248.35","1,253.11","2,503.30","1,084.00",6005683,"7,525,760,735.85",153142
"29-Oct-2019","EQ","1,238.00","1,257.35","1,237.70","1,237.70","1,242.55","1,242.50","1,246.85","2,503.30","1,084.00",7116284,"8,872,915,232.80",163100
"27-Oct-2019","EQ","1,239.95","1,241.90","1,235.00","1,229.00","1,238.00","1,237.70","1,238.06","2,503.30","1,084.00",875425,"1,083,824,484.40",32899
"25-Oct-2019","EQ","1,240.00","1,246.85","1,220.00","1,236.10","1,227.90","1,229.00","1,234.93","2,503.30","1,084.00",6496771,"8,023,045,591.75",168865
"24-Oct-2019","EQ","1,248.00","1,254.15","1,226.35","1,241.60","1,235.00","1,236.10","1,241.78","2,503.30","1,084.00",6553747,"8,138,285,935.25",169086
"23-Oct-2019","EQ","1,246.85","1,249.75","1,233.00","1,239.30","1,245.00","1,241.60","1,242.17","2,503.30","1,084.00",5095107,"6,329,004,764.70",165735
"22-Oct-2019","EQ","1,257.00","1,257.00","1,232.60","1,229.00","1,239.90","1,239.30","1,244.30","2,503.30","1,084.00",10003114,"12,446,872,787.75",235749
"18-Oct-2019","EQ","1,225.45","1,233.85","1,220.35","1,220.00","1,229.00","1,229.00","1,227.68","2,503.30","1,084.00",5616903,"6,895,782,776.90",126554
"17-Oct-2019","EQ","1,227.50","1,229.85","1,213.10","1,221.10","1,221.50","1,220.00","1,221.84","2,503.30","1,084.00",6121807,"7,479,843,101.35",174349
"16-Oct-2019","EQ","1,231.65","1,235.00","1,210.10","1,223.05","1,221.50","1,221.10","1,222.27","2,503.30","1,084.00",5293408,"6,469,999,257.40",158557
"15-Oct-2019","EQ","1,207.00","1,225.00","1,206.85","1,204.40","1,223.70","1,223.05","1,217.66","2,503.30","1,084.00",4200187,"5,114,380,372.85",121277
"14-Oct-2019","EQ","1,209.00","1,219.90","1,197.40","1,198.80","1,204.40","1,204.40","1,211.27","2,503.30","1,084.00",6133901,"7,429,783,513.00",159516
"11-Oct-2019","EQ","1,213.40","1,224.00","1,188.95","1,200.55","1,198.15","1,198.80","1,206.12","2,503.30","1,084.00",8593159,"10,364,407,655.40",195427
"10-Oct-2019","EQ","1,221.80","1,225.95","1,197.20","1,228.15","1,203.00","1,200.55","1,204.54","2,503.30","1,084.00",5778429,"6,960,322,085.70",173146
"09-Oct-2019","EQ","1,197.10","1,229.90","1,190.00","1,186.90","1,228.20","1,228.15","1,211.14","2,503.30","1,084.00",8713635,"10,553,402,882.70",241068
"07-Oct-2019","EQ","1,201.20","1,219.85","1,181.15","1,189.70","1,184.55","1,186.90","1,201.38","2,503.30","1,084.00",11256610,"13,523,469,540.25",216482
"04-Oct-2019","EQ","1,236.65","1,239.60","1,185.30","1,223.55","1,189.75","1,189.70","1,209.48","2,503.30","1,084.00",9201816,"11,129,384,400.75",257533
"03-Oct-2019","EQ","1,239.95","1,243.80","1,216.35","1,248.80","1,222.90","1,223.55","1,227.27","2,503.30","1,084.00",8149438,"10,001,593,148.15",288240
"01-Oct-2019","EQ","1,231.50","1,255.00","1,221.10","1,227.45","1,250.20","1,248.80","1,241.11","2,503.30","1,084.00",9384176,"11,646,764,342.20",237310
"30-Sep-2019","EQ","1,228.80","1,240.00","1,216.50","1,244.20","1,227.50","1,227.45","1,229.60","2,503.30","1,084.00",9109229,"11,200,672,638.85",213075
"27-Sep-2019","EQ","1,248.25","1,253.50","1,237.60","1,242.50","1,245.60","1,244.20","1,245.87","2,503.30","1,084.00",7436585,"9,264,982,098.75",181792
"26-Sep-2019","EQ","1,239.80","1,275.00","1,236.35","1,239.70","1,246.00","1,242.50","1,249.50","2,503.30","1,084.00",15335780,"19,162,065,306.60",267570
"25-Sep-2019","EQ","1,249.90","1,249.90","1,230.10","1,253.80","1,240.00","1,239.70","1,238.04","2,503.30","1,084.00",7804488,"9,662,249,393.10",188354
"24-Sep-2019","EQ","1,250.00","1,261.95","1,227.55","1,257.25","1,252.15","1,253.80","1,244.36","2,503.30","1,084.00",11689524,"14,546,003,120.90",253765
"23-Sep-2019","EQ","1,259.55","1,282.70","1,229.00","1,199.60","1,255.30","1,257.25","1,257.31","2,503.30","1,084.00",20960205,"26,353,536,485.20",399302
"20-Sep-2019","EQ","1,108.00","1,209.90","1,105.40","1,101.05","1,202.00","1,199.60","1,174.97","2,503.30","1,084.00",23075017,"27,112,448,513.50",495257
"19-Sep-2019","EQ","1,099.90","1,107.05","1,084.00","2,187.75","1,100.05","1,101.05","1,093.79","2,503.30","1,084.00",5311655,"5,809,819,672.10",172428
"18-Sep-2019","EQ","2,217.30","2,224.15","2,180.00","2,211.35","2,188.00","2,187.75","2,203.61","2,503.30","1,885.00",3239971,"7,139,638,886.90",155878
"17-Sep-2019","EQ","2,247.90","2,248.50","2,198.10","2,244.15","2,220.00","2,211.35","2,220.32","2,503.30","1,885.00",2664139,"5,915,245,203.75",141227
"16-Sep-2019","EQ","2,251.90","2,262.65","2,241.00","2,257.45","2,243.00","2,244.15","2,250.46","2,503.30","1,885.00",2757546,"6,205,756,889.05",131945
"13-Sep-2019","EQ","2,251.00","2,267.45","2,238.00","2,270.85","2,259.80","2,257.45","2,252.89","2,503.30","1,885.00",3842835,"8,657,474,067.90",164332
"12-Sep-2019","EQ","2,250.70","2,288.80","2,248.15","2,251.30","2,267.95","2,270.85","2,271.76","2,503.30","1,885.00",4533075,"10,298,073,928.05",166034
"11-Sep-2019","EQ","2,274.00","2,274.00","2,241.15","2,249.60","2,246.00","2,251.30","2,254.26","2,503.30","1,885.00",3802279,"8,571,339,383.15",169443
"09-Sep-2019","EQ","2,246.00","2,260.90","2,216.10","2,245.90","2,245.15","2,249.60","2,246.95","2,503.30","1,885.00",2660851,"5,978,807,001.45",86620
"06-Sep-2019","EQ","2,228.00","2,256.60","2,221.30","2,235.15","2,241.75","2,245.90","2,240.48","2,503.30","1,885.00",3217501,"7,208,762,089.60",129381
"05-Sep-2019","EQ","2,249.00","2,272.40","2,225.00","2,247.75","2,232.00","2,235.15","2,249.57","2,503.30","1,885.00",4324063,"9,727,276,037.70",132274
"04-Sep-2019","EQ","2,207.00","2,274.00","2,199.00","2,210.95","2,244.00","2,247.75","2,242.36","2,503.30","1,885.00",3765176,"8,442,880,812.75",147126
"03-Sep-2019","EQ","2,220.00","2,221.00","2,196.15","2,227.95","2,200.50","2,210.95","2,210.20","2,503.30","1,885.00",2857169,"6,314,928,163.20",154531
"30-Aug-2019","EQ","2,233.50","2,260.00","2,222.00","2,226.95","2,231.90","2,227.95","2,238.30","2,503.30","1,885.00",4808330,"10,762,486,798.15",161307
"29-Aug-2019","EQ","2,246.00","2,253.70","2,220.30","2,247.50","2,225.50","2,226.95","2,236.05","2,503.30","1,885.00",3695929,"8,264,299,893.80",156003
"28-Aug-2019","EQ","2,250.00","2,257.35","2,226.35","2,259.95","2,245.00","2,247.50","2,240.16","2,503.30","1,885.00",3415647,"7,651,604,388.40",166668
"27-Aug-2019","EQ","2,256.00","2,272.90","2,240.10","2,256.15","2,258.00","2,259.95","2,257.98","2,503.30","1,885.00",5165208,"11,662,935,037.80",199581
"26-Aug-2019","EQ","2,194.90","2,266.15","2,167.00","2,162.70","2,259.00","2,256.15","2,216.97","2,503.30","1,885.00",6320061,"14,011,405,009.35",231650
"23-Aug-2019","EQ","2,161.00","2,177.00","2,139.60","2,174.10","2,164.90","2,162.70","2,157.09","2,503.30","1,885.00",5024904,"10,839,185,043.40",198523
"22-Aug-2019","EQ","2,220.85","2,220.85","2,167.05","2,225.85","2,177.00","2,174.10","2,199.15","2,503.30","1,885.00",3498011,"7,692,639,006.35",203340
"21-Aug-2019","EQ","2,224.90","2,241.20","2,214.20","2,220.60","2,225.70","2,225.85","2,229.56","2,503.30","1,885.00",2618178,"5,837,373,798.65",75718
"20-Aug-2019","EQ","2,209.25","2,227.80","2,206.85","2,206.85","2,224.00","2,220.60","2,218.57","2,503.30","1,885.00",2567648,"5,696,516,504.55",85255
"19-Aug-2019","EQ","2,238.50","2,242.00","2,201.70","2,227.70","2,210.95","2,206.85","2,227.18","2,503.30","1,885.00",2124550,"4,731,763,226.75",120954
"16-Aug-2019","EQ","2,214.00","2,233.00","2,204.10","2,229.45","2,223.95","2,227.70","2,222.29","2,503.30","1,885.00",3811890,"8,471,119,947.30",134420
"14-Aug-2019","EQ","2,235.40","2,235.40","2,203.05","2,220.35","2,227.90","2,229.45","2,223.33","2,503.30","1,885.00",3563513,"7,922,878,553.05",113946
"13-Aug-2019","EQ","2,273.30","2,273.30","2,202.60","2,282.00","2,228.00","2,220.35","2,226.91","2,503.30","1,885.00",3860017,"8,595,896,762.60",187637
"09-Aug-2019","EQ","2,247.00","2,289.00","2,239.80","2,233.15","2,285.00","2,282.00","2,274.74","2,503.30","1,885.00",7609028,"17,308,568,937.90",180014
"08-Aug-2019","EQ","2,198.00","2,243.00","2,183.00","2,184.00","2,239.80","2,233.15","2,212.99","2,503.30","1,885.00",4927900,"10,905,417,010.45",192860
"07-Aug-2019","EQ","2,190.00","2,202.00","2,165.00","2,189.10","2,180.00","2,184.00","2,188.35","2,503.30","1,885.00",4687534,"10,257,984,618.50",160175
"06-Aug-2019","EQ","2,167.00","2,210.25","2,167.00","2,179.25","2,183.00","2,189.10","2,186.84","2,503.30","1,885.00",6222735,"13,608,136,578.75",208507
"05-Aug-2019","EQ","2,197.05","2,200.00","2,162.50","2,214.35","2,174.60","2,179.25","2,177.33","2,503.30","1,885.00",4955610,"10,789,981,549.25",208438
"02-Aug-2019","EQ","2,211.00","2,224.00","2,182.00","2,221.80","2,220.00","2,214.35","2,201.32","2,503.30","1,885.00",6956384,"15,313,215,817.30",177396
"01-Aug-2019","EQ","2,229.10","2,240.00","2,197.00","2,251.65","2,225.00","2,221.80","2,220.25","2,503.30","1,885.00",4560419,"10,125,273,727.70",143216
"31-Jul-2019","EQ","2,240.00","2,267.00","2,234.25","2,252.25","2,249.60","2,251.65","2,249.21","2,503.30","1,885.00",3472960,"7,811,405,394.70",158165
"30-Jul-2019","EQ","2,255.00","2,271.20","2,239.90","2,244.30","2,254.80","2,252.25","2,255.35","2,503.30","1,885.00",2598534,"5,860,605,363.45",122826
"29-Jul-2019","EQ","2,273.55","2,273.55","2,223.05","2,277.30","2,249.30","2,244.30","2,246.77","2,503.30","1,885.00",2494123,"5,603,718,444.60",128559
"26-Jul-2019","EQ","2,278.20","2,293.65","2,272.85","2,286.05","2,276.00","2,277.30","2,284.17","2,503.30","1,885.00",3207457,"7,326,392,886.65",154124
"25-Jul-2019","EQ","2,285.00","2,315.45","2,280.25","2,280.90","2,291.00","2,286.05","2,297.27","2,503.30","1,885.00",4865502,"11,177,378,388.25",187329
"24-Jul-2019","EQ","2,256.75","2,293.00","2,251.00","2,263.50","2,284.00","2,280.90","2,276.22","2,503.30","1,885.00",4340935,"9,880,903,017.85",221845
"23-Jul-2019","EQ","2,294.50","2,294.50","2,242.05","2,297.25","2,265.50","2,263.50","2,261.89","2,503.30","1,885.00",6950716,"15,721,729,608.75",237644
"22-Jul-2019","EQ","2,345.00","2,349.85","2,281.25","2,375.65","2,302.80","2,297.25","2,302.41","2,503.30","1,885.00",5542824,"12,761,828,597.40",239328
"19-Jul-2019","EQ","2,415.00","2,420.70","2,367.00","2,411.90","2,379.50","2,375.65","2,387.87","2,503.30","1,885.00",2234807,"5,336,417,925.70",139292
"18-Jul-2019","EQ","2,403.00","2,429.00","2,401.90","2,397.45","2,414.75","2,411.90","2,417.18","2,503.30","1,885.00",2700646,"6,527,943,531.55",95138
"17-Jul-2019","EQ","2,392.95","2,411.60","2,391.30","2,391.20","2,401.90","2,397.45","2,402.10","2,503.30","1,885.00",1939934,"4,659,913,060.30",67598
"16-Jul-2019","EQ","2,418.00","2,418.00","2,382.00","2,394.75","2,393.00","2,391.20","2,396.89","2,503.30","1,885.00",3192642,"7,652,397,496.80",131505
"15-Jul-2019","EQ","2,396.00","2,403.00","2,377.35","2,393.90","2,398.00","2,394.75","2,389.62","2,503.30","1,885.00",2058296,"4,918,539,139.35",98607
"12-Jul-2019","EQ","2,418.00","2,418.00","2,385.05","2,407.15","2,390.00","2,393.90","2,398.71","2,503.30","1,885.00",2244068,"5,382,858,844.70",119705
"11-Jul-2019","EQ","2,403.00","2,414.00","2,395.65","2,388.75","2,403.75","2,407.15","2,406.53","2,503.30","1,885.00",2274399,"5,473,418,839.50",135487
"10-Jul-2019","EQ","2,378.75","2,398.00","2,366.25","2,379.15","2,391.20","2,388.75","2,385.87","2,503.30","1,885.00",2892287,"6,900,612,679.50",166981
"09-Jul-2019","EQ","2,403.85","2,410.80","2,373.00","2,409.60","2,377.65","2,379.15","2,386.59","2,503.30","1,885.00",4120672,"9,834,335,423.85",184776
"08-Jul-2019","EQ","2,474.55","2,474.60","2,397.05","2,472.40","2,412.70","2,409.60","2,424.02","2,503.30","1,885.00",3651785,"8,852,011,714.30",148208
"05-Jul-2019","EQ","2,485.10","2,494.95","2,460.00","2,483.80","2,469.00","2,472.40","2,478.09","2,503.30","1,885.00",1895765,"4,697,867,401.70",72714
"04-Jul-2019","EQ","2,494.80","2,497.90","2,472.00","2,489.65","2,482.85","2,483.80","2,484.12","2,503.30","1,885.00",1998491,"4,964,492,340.75",81894
"03-Jul-2019","EQ","2,499.00","2,503.30","2,483.00","2,495.00","2,488.30","2,489.65","2,496.50","2,503.30","1,885.00",1865814,"4,658,013,683.80",74725
"02-Jul-2019","EQ","2,488.00","2,497.50","2,467.20","2,485.55","2,491.15","2,495.00","2,484.49","2,497.50","1,885.00",1811707,"4,501,164,669.35",89307
"01-Jul-2019","EQ","2,456.00","2,489.00","2,450.05","2,443.75","2,486.00","2,485.55","2,476.08","2,494.50","1,885.00",2131040,"5,276,621,766.50",110592
"28-Jun-2019","EQ","2,464.00","2,475.00","2,437.05","2,462.30","2,441.00","2,443.75","2,451.45","2,494.50","1,885.00",3189211,"7,818,189,487.60",113150
"27-Jun-2019","EQ","2,468.75","2,494.50","2,456.15","2,467.90","2,460.60","2,462.30","2,472.34","2,494.50","1,885.00",4969809,"12,287,048,186.85",157798
"26-Jun-2019","EQ","2,424.70","2,470.00","2,422.00","2,428.70","2,465.00","2,467.90","2,448.85","2,470.00","1,885.00",2633409,"6,448,834,567.60",111348
"25-Jun-2019","EQ","2,419.85","2,441.50","2,403.00","2,417.95","2,422.00","2,428.70","2,420.42","2,470.00","1,885.00",2224950,"5,385,306,441.10",125353
"24-Jun-2019","EQ","2,411.95","2,430.60","2,410.00","2,414.20","2,421.00","2,417.95","2,422.38","2,470.00","1,885.00",1728750,"4,187,693,147.25",84459
"21-Jun-2019","EQ","2,426.00","2,429.70","2,405.65","2,426.35","2,418.75","2,414.20","2,416.28","2,470.00","1,885.00",3312565,"8,004,083,637.95",114329
"20-Jun-2019","EQ","2,428.35","2,437.00","2,414.60","2,428.35","2,425.70","2,426.35","2,428.38","2,470.00","1,885.00",2792873,"6,782,150,949.40",129225
"19-Jun-2019","EQ","2,427.00","2,444.90","2,416.70","2,417.25","2,435.45","2,428.35","2,431.33","2,470.00","1,885.00",2686069,"6,530,717,720.65",118428
"18-Jun-2019","EQ","2,418.00","2,432.00","2,404.00","2,422.00","2,418.00","2,417.25","2,416.67","2,470.00","1,885.00",3104913,"7,503,537,702.10",149049
"17-Jun-2019","EQ","2,435.00","2,439.90","2,417.30","2,435.10","2,422.00","2,422.00","2,427.31","2,470.00","1,885.00",3202505,"7,773,466,418.45",119659
"14-Jun-2019","EQ","2,442.95","2,458.95","2,425.00","2,444.70","2,433.80","2,435.10","2,443.97","2,470.00","1,885.00",2989230,"7,305,595,365.65",108789
"13-Jun-2019","EQ","2,435.95","2,452.00","2,415.95","2,427.05","2,443.00","2,444.70","2,429.67","2,470.00","1,885.00",2776987,"6,747,153,118.55",116879
"12-Jun-2019","EQ","2,445.00","2,448.40","2,423.65","2,448.40","2,430.80","2,427.05","2,432.41","2,470.00","1,885.00",1827155,"4,444,391,620.75",100566
"11-Jun-2019","EQ","2,451.50","2,459.90","2,440.35","2,440.20","2,446.50","2,448.40","2,449.47","2,470.00","1,885.00",1775823,"4,349,821,953.45",114762
"10-Jun-2019","EQ","2,469.95","2,469.95","2,432.10","2,447.65","2,442.60","2,440.20","2,444.94","2,470.00","1,885.00",1769285,"4,325,793,963.60",111556
"07-Jun-2019","EQ","2,425.65","2,454.25","2,409.00","2,423.35","2,447.05","2,447.65","2,435.83","2,470.00","1,885.00",1992733,"4,853,950,962.80",109779
"06-Jun-2019","EQ","2,453.20","2,470.00","2,413.35","2,452.30","2,427.80","2,423.35","2,440.37","2,470.00","1,885.00",3908731,"9,538,745,245.25",156152
"04-Jun-2019","EQ","2,455.00","2,465.75","2,441.05","2,457.10","2,455.00","2,452.30","2,454.96","2,465.75","1,885.00",1610747,"3,954,324,428.95",82409
"03-Jun-2019","EQ","2,427.00","2,459.80","2,424.95","2,425.35","2,454.00","2,457.10","2,447.39","2,465.00","1,885.00",2120215,"5,188,982,519.40",119007
"31-May-2019","EQ","2,456.80","2,465.00","2,356.80","2,439.55","2,426.00","2,425.35","2,436.13","2,465.00","1,885.00",4946270,"12,049,738,649.55",192477
"30-May-2019","EQ","2,416.00","2,447.90","2,413.05","2,416.90","2,440.00","2,439.55","2,435.84","2,449.40","1,885.00",2339800,"5,699,376,323.30",89490
"29-May-2019","EQ","2,410.20","2,430.80","2,410.20","2,416.20","2,418.00","2,416.90","2,421.30","2,449.40","1,885.00",1868804,"4,524,931,586.45",90042
"28-May-2019","EQ","2,416.50","2,420.00","2,387.05","2,408.35","2,420.00","2,416.20","2,403.58","2,449.40","1,885.00",1841210,"4,425,490,417.80",89218
"27-May-2019","EQ","2,378.90","2,421.90","2,372.25","2,373.35","2,404.85","2,408.35","2,402.57","2,449.40","1,885.00",3012256,"7,237,159,256.05",112244
"24-May-2019","EQ","2,359.70","2,386.15","2,340.15","2,332.10","2,372.90","2,373.35","2,360.61","2,449.40","1,885.00",3423200,"8,080,852,966.20",152871
"23-May-2019","EQ","2,409.00","2,439.90","2,319.10","2,405.75","2,350.00","2,332.10","2,386.08","2,449.40","1,885.00",8270499,"19,734,049,083.55",278878
"22-May-2019","EQ","2,411.85","2,426.00","2,394.25","2,403.70","2,410.00","2,405.75","2,412.93","2,449.40","1,885.00",2846665,"6,868,796,572.40",123668
"21-May-2019","EQ","2,438.00","2,449.40","2,399.45","2,432.35","2,408.95","2,403.70","2,427.00","2,449.40","1,885.00",2581294,"6,264,795,861.40",168751
"20-May-2019","EQ","2,408.00","2,438.70","2,380.00","2,362.10","2,428.00","2,432.35","2,405.29","2,438.70","1,885.00",4424908,"10,643,183,585.25",185496
"17-May-2019","EQ","2,313.00","2,369.30","2,311.60","2,310.65","2,365.00","2,362.10","2,334.59","2,378.00","1,885.00",3689695,"8,613,924,843.95",133531
"16-May-2019","EQ","2,280.55","2,319.00","2,280.00","2,286.70","2,312.35","2,310.65","2,295.63","2,378.00","1,885.00",2012534,"4,620,031,311.50",74658
"15-May-2019","EQ","2,296.00","2,307.20","2,282.20","2,287.90","2,286.70","2,286.70","2,297.43","2,378.00","1,885.00",2239087,"5,144,145,077.95",116090
"14-May-2019","EQ","2,296.70","2,311.00","2,275.55","2,287.20","2,288.00","2,287.90","2,288.05","2,378.00","1,885.00",2623686,"6,003,117,740.95",171946
"13-May-2019","EQ","2,296.05","2,313.35","2,280.00","2,296.50","2,287.30","2,287.20","2,297.73","2,378.00","1,885.00",2767908,"6,359,892,195.65",145875
"10-May-2019","EQ","2,291.35","2,324.90","2,291.35","2,290.90","2,296.50","2,296.50","2,306.93","2,378.00","1,885.00",2648550,"6,110,007,945.30",79307
"09-May-2019","EQ","2,300.00","2,300.00","2,271.60","2,307.25","2,292.00","2,290.90","2,287.67","2,378.00","1,885.00",2256931,"5,163,123,992.15",129719
"08-May-2019","EQ","2,322.55","2,323.80","2,288.00","2,322.35","2,309.00","2,307.25","2,304.51","2,378.00","1,885.00",3016052,"6,950,517,705.45",101965
"07-May-2019","EQ","2,351.90","2,358.00","2,318.00","2,328.45","2,320.10","2,322.35","2,338.90","2,378.00","1,885.00",2481051,"5,802,928,079.35",114540
"06-May-2019","EQ","2,348.00","2,351.90","2,317.05","2,367.95","2,327.90","2,328.45","2,338.56","2,378.00","1,885.00",3437023,"8,037,675,313.80",111177
"03-May-2019","EQ","2,364.20","2,378.00","2,356.50","2,355.80","2,365.00","2,367.95","2,370.96","2,378.00","1,885.00",3087880,"7,321,238,483.25",97641
"02-May-2019","EQ","2,323.50","2,359.65","2,317.50","2,317.45","2,356.00","2,355.80","2,345.11","2,359.65","1,885.00",4292325,"10,065,974,310.35",173788
"30-Apr-2019","EQ","2,285.00","2,320.00","2,278.40","2,280.95","2,319.00","2,317.45","2,306.89","2,332.00","1,885.00",3134209,"7,230,268,668.80",189638
"26-Apr-2019","EQ","2,265.90","2,285.00","2,256.90","2,263.45","2,275.80","2,280.95","2,270.33","2,332.00","1,860.30",2926892,"6,645,017,406.00",121538
"25-Apr-2019","EQ","2,286.90","2,298.80","2,257.95","2,279.75","2,262.25","2,263.45","2,274.13","2,332.00","1,860.30",4521659,"10,282,833,886.80",129865
"24-Apr-2019","EQ","2,250.00","2,283.90","2,247.05","2,245.30","2,280.95","2,279.75","2,263.98","2,332.00","1,860.30",3088532,"6,992,369,872.30",168685
"23-Apr-2019","EQ","2,277.55","2,290.00","2,241.60","2,268.70","2,247.30","2,245.30","2,264.62","2,332.00","1,860.30",3820600,"8,652,194,438.25",157421
"22-Apr-2019","EQ","2,325.00","2,325.00","2,261.00","2,293.65","2,266.90","2,268.70","2,286.36","2,332.00","1,860.30",5245105,"11,992,211,756.90",153509
"18-Apr-2019","EQ","2,313.00","2,315.05","2,288.00","2,305.05","2,293.00","2,293.65","2,303.58","2,332.00","1,860.30",2653714,"6,113,045,771.70",113419
"16-Apr-2019","EQ","2,290.95","2,309.90","2,280.30","2,288.80","2,307.00","2,305.05","2,297.97","2,332.00","1,860.30",2068444,"4,753,214,286.65",93271
"15-Apr-2019","EQ","2,270.00","2,292.90","2,264.35","2,265.25","2,280.30","2,288.80","2,281.07","2,332.00","1,860.30",2554945,"5,828,016,960.00",115323
"12-Apr-2019","EQ","2,252.10","2,272.20","2,252.10","2,257.50","2,257.00","2,265.25","2,262.61","2,332.00","1,860.30",2292611,"5,187,293,679.60",107144
"11-Apr-2019","EQ","2,244.90","2,263.00","2,236.95","2,237.35","2,258.60","2,257.50","2,252.26","2,332.00","1,860.30",2198325,"4,951,203,521.80",82062
"10-Apr-2019","EQ","2,250.00","2,284.00","2,231.00","2,287.25","2,236.90","2,237.35","2,244.54","2,332.00","1,860.30",27032175,"60,674,893,006.85",194475
"09-Apr-2019","EQ","2,296.60","2,303.00","2,267.00","2,289.40","2,290.00","2,287.25","2,283.13","2,332.00","1,860.30",2694400,"6,151,660,741.40",97805
"08-Apr-2019","EQ","2,319.00","2,322.95","2,280.10","2,305.60","2,289.20","2,289.40","2,298.32","2,332.00","1,860.30",1599533,"3,676,237,090.60",84319
"05-Apr-2019","EQ","2,287.80","2,313.75","2,282.00","2,283.95","2,310.00","2,305.60","2,293.19","2,332.00","1,860.30",2087795,"4,787,701,075.30",109654
"04-Apr-2019","EQ","2,292.75","2,313.00","2,280.00","2,292.75","2,287.80","2,283.95","2,293.66","2,332.00","1,860.30",2302888,"5,282,042,066.40",91238
"03-Apr-2019","EQ","2,292.10","2,316.00","2,288.25","2,294.85","2,289.00","2,292.75","2,303.77","2,332.00","1,860.30",1914863,"4,411,401,349.85",87245
"02-Apr-2019","EQ","2,320.00","2,320.00","2,285.45","2,311.80","2,299.00","2,294.85","2,296.22","2,332.00","1,860.30",2727624,"6,263,235,078.10",128611
"01-Apr-2019","EQ","2,325.25","2,332.00","2,304.60","2,318.90","2,306.85","2,311.80","2,320.63","2,332.00","1,860.30",2411769,"5,596,835,494.00",131919
"29-Mar-2019","EQ","2,304.60","2,325.00","2,294.00","2,302.80","2,316.00","2,318.90","2,308.98","2,328.05","1,833.50",2986742,"6,896,338,338.65",116289
"28-Mar-2019","EQ","2,298.80","2,325.00","2,287.85","2,299.45","2,308.00","2,302.80","2,304.15","2,328.05","1,833.50",4888582,"11,264,012,692.85",149850
"27-Mar-2019","EQ","2,318.55","2,328.05","2,279.05","2,311.35","2,301.00","2,299.45","2,306.72","2,328.05","1,833.50",3471325,"8,007,363,872.95",186247
"26-Mar-2019","EQ","2,275.90","2,315.00","2,272.60","2,281.30","2,313.50","2,311.35","2,293.76","2,315.00","1,833.50",2946712,"6,759,060,898.40",106093
"25-Mar-2019","EQ","2,260.00","2,287.85","2,253.00","2,276.15","2,278.00","2,281.30","2,270.95","2,307.00","1,833.50",2299815,"5,222,754,084.55",103519
"22-Mar-2019","EQ","2,300.00","2,307.00","2,270.80","2,299.00","2,275.10","2,276.15","2,284.13","2,307.00","1,833.50",7600970,"17,361,577,310.25",136216
"20-Mar-2019","EQ","2,269.00","2,300.00","2,261.05","2,267.75","2,299.00","2,299.00","2,287.11","2,300.00","1,833.50",2927998,"6,696,660,989.55",154406
"19-Mar-2019","EQ","2,269.50","2,275.90","2,251.00","2,261.45","2,268.00","2,267.75","2,262.32","2,291.65","1,833.50",2989498,"6,763,202,098.50",149528
"18-Mar-2019","EQ","2,261.90","2,291.65","2,247.00","2,253.00","2,270.00","2,261.45","2,266.32","2,291.65","1,833.50",3589680,"8,135,378,380.90",186267
"15-Mar-2019","EQ","2,231.00","2,259.90","2,228.05","2,224.75","2,258.00","2,253.00","2,247.38","2,259.90","1,833.50",3190772,"7,170,888,264.50",155151
"14-Mar-2019","EQ","2,244.85","2,247.50","2,210.60","2,226.55","2,223.05","2,224.75","2,225.44","2,247.50","1,833.50",3844966,"8,556,754,695.15",136351
"13-Mar-2019","EQ","2,175.00","2,234.00","2,172.10","2,171.00","2,229.00","2,226.55","2,206.86","2,234.00","1,833.50",14291587,"31,539,499,506.00",226692
"12-Mar-2019","EQ","2,147.00","2,175.00","2,137.00","2,128.45","2,168.00","2,171.00","2,154.73","2,220.00","1,833.50",3774323,"8,132,629,564.25",119425
"11-Mar-2019","EQ","2,132.00","2,143.70","2,122.20","2,128.20","2,127.50","2,128.45","2,131.90","2,220.00","1,833.50",2306027,"4,916,219,772.55",81824
"08-Mar-2019","EQ","2,115.05","2,130.00","2,109.45","2,126.50","2,129.00","2,128.20","2,118.36","2,220.00","1,828.50",1763365,"3,735,433,351.40",102091
"07-Mar-2019","EQ","2,109.60","2,130.00","2,095.00","2,104.25","2,125.20","2,126.50","2,112.14","2,220.00","1,828.50",2551213,"5,388,507,260.25",104364
"06-Mar-2019","EQ","2,110.00","2,110.30","2,090.55","2,107.10","2,103.15","2,104.25","2,098.70","2,220.00","1,828.50",2114511,"4,437,716,881.25",91985
"05-Mar-2019","EQ","2,088.90","2,111.10","2,070.00","2,083.35","2,107.00","2,107.10","2,085.84","2,220.00","1,828.50",2959319,"6,172,679,648.40",169911
"01-Mar-2019","EQ","2,086.25","2,100.90","2,077.00","2,077.55","2,080.00","2,083.35","2,087.11","2,220.00","1,828.50",2338232,"4,880,142,636.85",106043
"28-Feb-2019","EQ","2,093.10","2,105.85","2,073.20","2,092.25","2,076.90","2,077.55","2,089.80","2,220.00","1,828.50",2911344,"6,084,140,082.45",85218
"27-Feb-2019","EQ","2,116.10","2,124.45","2,088.15","2,110.65","2,093.00","2,092.25","2,099.89","2,220.00","1,828.50",1757523,"3,690,596,308.90",78384
"26-Feb-2019","EQ","2,111.25","2,125.00","2,101.10","2,125.40","2,109.00","2,110.65","2,113.91","2,220.00","1,828.50",2401857,"5,077,309,232.00",80521
"25-Feb-2019","EQ","2,095.15","2,129.95","2,095.15","2,091.45","2,123.00","2,125.40","2,113.52","2,220.00","1,828.50",2035149,"4,301,319,701.45",101852
"22-Feb-2019","EQ","2,119.40","2,128.10","2,089.10","2,115.90","2,091.00","2,091.45","2,099.68","2,220.00","1,828.50",2222677,"4,666,916,025.00",91486
"21-Feb-2019","EQ","2,101.70","2,119.95","2,093.60","2,108.35","2,115.70","2,115.90","2,106.26","2,220.00","1,828.50",1315386,"2,770,549,994.85",66123
"20-Feb-2019","EQ","2,088.50","2,111.00","2,081.90","2,084.05","2,109.00","2,108.35","2,095.02","2,220.00","1,828.50",1223125,"2,562,466,713.25",74227
"19-Feb-2019","EQ","2,089.70","2,108.15","2,078.20","2,089.90","2,083.45","2,084.05","2,095.84","2,220.00","1,828.50",1317159,"2,760,560,754.00",76740
"18-Feb-2019","EQ","2,106.80","2,118.00","2,086.00","2,100.65","2,089.70","2,089.90","2,098.16","2,220.00","1,828.50",1784686,"3,744,564,837.75",74022
"15-Feb-2019","EQ","2,107.35","2,108.10","2,078.20","2,110.20","2,100.70","2,100.65","2,091.52","2,220.00","1,828.50",2104131,"4,400,828,253.75",89754
"14-Feb-2019","EQ","2,140.00","2,140.00","2,105.60","2,143.45","2,112.00","2,110.20","2,117.31","2,220.00","1,828.50",1860347,"3,938,937,722.70",142536
"13-Feb-2019","EQ","2,135.55","2,155.00","2,132.30","2,129.70","2,140.00","2,143.45","2,146.54","2,220.00","1,828.50",2360187,"5,066,246,582.80",110054
"12-Feb-2019","EQ","2,138.00","2,148.00","2,124.80","2,139.65","2,130.05","2,129.70","2,137.61","2,220.00","1,828.50",2443097,"5,222,380,330.05",140474
"11-Feb-2019","EQ","2,113.30","2,142.90","2,113.30","2,122.65","2,139.00","2,139.65","2,132.18","2,220.00","1,828.50",1759091,"3,750,705,910.60",75240
"08-Feb-2019","EQ","2,112.00","2,144.95","2,106.65","2,117.25","2,117.00","2,122.65","2,126.16","2,220.00","1,828.50",3058911,"6,503,720,043.85",98707
"07-Feb-2019","EQ","2,125.05","2,130.00","2,105.85","2,122.65","2,110.90","2,117.25","2,122.39","2,220.00","1,828.50",1804327,"3,829,487,756.50",80400
"06-Feb-2019","EQ","2,116.25","2,127.00","2,113.60","2,114.05","2,122.00","2,122.65","2,120.90","2,220.00","1,828.50",2718921,"5,766,554,240.80",106255
"05-Feb-2019","EQ","2,108.00","2,119.00","2,097.00","2,104.90","2,115.00","2,114.05","2,110.78","2,220.00","1,828.50",2172572,"4,585,820,145.80",73303
"04-Feb-2019","EQ","2,095.00","2,113.00","2,082.65","2,090.45","2,098.55","2,104.90","2,097.57","2,220.00","1,828.50",1984572,"4,162,769,920.20",145764
"01-Feb-2019","EQ","2,079.95","2,117.00","2,076.60","2,079.95","2,095.75","2,090.45","2,099.48","2,220.00","1,828.50",3913547,"8,216,405,021.45",116055