Date,Close/Last,Volume,Open,High,Low
08/13/2021,70.59,25349,71.12,71.39,70
08/12/2021,71.31,21983,71.58,71.89,70.68
08/11/2021,71.44,33670,70.91,71.63,69.07
08/10/2021,70.63,29988,69.29,71.23,68.97
08/09/2021,69.04,41792,70.06,70.06,67.61
08/06/2021,70.7,34982,71.26,72.43,70.28
08/05/2021,71.29,31664,70.25,71.5,69.75
08/04/2021,70.38,44003,72.33,72.82,70.12
08/03/2021,72.41,40922,73.23,73.53,71.04
08/02/2021,72.89,36957,75.18,75.33,72.31
07/30/2021,76.33,477,75.8,76.39,75.51
07/29/2021,76.05,7474,74.81,76.14,74.63
07/28/2021,74.74,19999,74.66,75.31,74.44
07/27/2021,74.48,25128,74.79,75.05,74.02
07/26/2021,74.5,30790,74.17,74.83,72.75
07/23/2021,74.1,22228,73.71,74.21,73.33
07/22/2021,73.79,30931,72.1,73.9,71.75
07/21/2021,72.23,40352,68.74,72.36,68.64
07/20/2021,69.35,41538,68.76,69.73,67.42
07/19/2021,68.62,57578,73,73.29,67.85
07/16/2021,73.59,32906,73.26,74.07,72.34
07/15/2021,73.47,40914,74.55,74.64,73.16
07/14/2021,74.76,48771,76.4,76.71,73.76
07/13/2021,76.49,30963,75.23,76.61,74.96
07/12/2021,75.16,31088,75.64,75.84,74.24
07/09/2021,75.55,31061,74.36,75.79,73.82
07/08/2021,74.12,40749,73.47,74.39,72.1
07/07/2021,73.43,50484,74.96,75.99,72.59
07/06/2021,74.53,57589,76.09,77.83,74.12
07/02/2021,76.17,30370,75.59,76.43,75.23
07/01/2021,75.84,51738,74.7,76.75,74.55
06/30/2021,75.13,412,75.14,75.6,74.54
06/29/2021,74.76,3790,74.6,75.51,73.91
06/28/2021,74.68,25868,76.16,76.59,74.52
06/25/2021,76.18,29727,75.61,76.21,74.95
06/24/2021,75.56,26269,75.37,75.77,74.52
06/23/2021,75.19,32229,74.76,76,74.73
06/22/2021,74.81,37451,74.81,75.29,74.34
06/21/2021,74.9,38104,73.33,74.95,72.98
06/18/2021,73.51,25713,73.07,73.75,72.18
06/17/2021,73.08,41097,73.98,74.49,72
06/16/2021,74.39,41544,74.3,74.96,73.89
06/15/2021,73.99,31045,73.1,74.33,72.78
06/14/2021,72.86,24995,72.49,73.64,72.49
06/11/2021,72.69,35490,72.39,73.08,71.88
06/10/2021,72.52,36625,72.09,72.64,70.95
06/09/2021,72.03,30605,72.14,72.88,71.82
06/08/2021,72.22,29385,71.39,72.41,70.72
06/07/2021,71.49,20580,71.7,72.26,71.1
06/04/2021,71.89,22970,71.35,71.93,71.58
06/03/2021,71.31,24333,71.27,71.45,70.95
06/02/2021,71.35,20880,70.56,71.49,70.81
06/01/2021,70.25,38662,70.56,70.59,70.48
05/28/2021,69.63,765,69.62,69.83,69.42
05/27/2021,69.46,5609,68.88,69.48,69.34
05/26/2021,68.87,20462,68.63,69.16,68.03
05/25/2021,68.65,19343,68.39,68.76,68.38
05/24/2021,68.46,28830,66.64,68.64,67.79
05/21/2021,66.44,31982,65.04,66.94,64.56
05/20/2021,65.11,33444,66.73,66.1,64.79
05/19/2021,66.66,41873,68.58,66.76,66.44
05/18/2021,68.71,42079,69.53,68.85,68.39
05/17/2021,69.46,24274,68.86,69.6,69.49
05/14/2021,68.71,30185,67.01,68.86,66.5
05/13/2021,67.05,37558,69.02,69.02,66.47
05/12/2021,69.32,30881,68.72,69.9,68.19
05/11/2021,68.55,38867,68.24,68.71,68.52
05/10/2021,68.32,31333,68.62,70.26,67.41
05/07/2021,68.28,28322,68.29,68.25,68.02
05/06/2021,68.09,24642,68.57,68.49,67.97
05/05/2021,68.96,31010,69.5,68.71,68.59
05/04/2021,68.88,25303,67.65,68.98,68.41
05/03/2021,67.56,17712,66.77,67.62,67.47
04/30/2021,67.25,1086,68.32,67.33,67.16
04/29/2021,68.56,7885,67.04,68.51,68.5
04/28/2021,67.27,23262,66.66,67.86,66.16
04/27/2021,66.42,29485,65.77,66.8,65.7
04/26/2021,65.65,26704,66.02,65.76,65.65
04/23/2021,66.11,20825,65.62,66.31,65.17
04/22/2021,65.4,26230,65.11,65.62,65.03
04/21/2021,65.32,31566,66.36,66.04,64.96
04/20/2021,66.57,38361,67.12,68.08,65.5
04/19/2021,67.05,19518,66.69,67.23,66.19
04/16/2021,66.77,23504,66.86,67.38,66.45
04/15/2021,66.94,23243,66.35,67.03,65.96
04/14/2021,66.58,35448,64.01,66.9,63.89
04/13/2021,63.67,26177,63.24,64.18,63.23
04/12/2021,63.28,35925,63.02,64.31,62.41
04/09/2021,62.95,28820,63.29,63.46,62.57
04/08/2021,63.2,31469,62.98,63.42,62.38
04/07/2021,63.16,41781,62.68,63.28,61.6
04/06/2021,62.74,43833,62.3,62.87,62.47
04/05/2021,62.15,37011,64.81,64.81,61.24
04/01/2021,64.86,65423,62.99,65.16,62.37
03/31/2021,63.54,257,64.48,64.69,63.59
03/30/2021,64.14,4029,65.31,65.65,63.64
03/29/2021,64.98,16677,64.04,65.14,64.67
03/26/2021,64.57,22194,61.74,64.88,61.74
03/25/2021,61.95,27487,64.15,64.15,60.98
03/24/2021,64.41,33152,60.35,64.56,60.34
03/23/2021,60.79,42797,64.31,64.34,60.26
03/22/2021,64.62,29260,64.66,65.07,63.45
03/19/2021,64.53,53604,62.83,64.9,62.08
03/18/2021,63.28,60315,67.93,68.15,61.42
03/17/2021,68,37246,68.39,68.88,66.96
03/16/2021,68.39,26847,68.86,68.96,67.36
03/15/2021,68.88,29627,69.12,70.02,67.83
03/12/2021,69.22,26780,69.59,69.9,69.03
03/11/2021,69.63,30177,68.26,69.83,68
03/10/2021,67.9,36606,67.33,68.43,66.82
03/09/2021,67.52,30528,68.1,69.32,67.14
03/08/2021,68.24,37137,69.9,71.36,67.81
03/05/2021,69.36,39966,67.26,69.69,66.66
03/04/2021,66.74,67280,63.94,67.25,66.77
03/03/2021,64.07,35008,62.47,64.14,63.8
03/02/2021,62.7,37510,63.39,63.38,62.37
03/01/2021,63.69,32914,64.71,63.49,63.18
02/26/2021,66.13,185,66.71,66.08,66.06
02/25/2021,66.88,10181,67.34,67.17,66.6
02/24/2021,67.04,24916,65.23,67.29,66.61
02/23/2021,65.37,32551,65.66,66.79,64.48
02/22/2021,65.24,31265,62.73,65.84,64.39
02/19/2021,62.91,47322,63.65,63.93,62.48
02/18/2021,63.93,41371,64.87,64.06,63.23
02/17/2021,64.34,45455,63.55,64.95,64.41
02/16/2021,63.35,64109,63.42,63.54,63.34
02/12/2021,62.43,34072,60.86,62.83,60.34
02/11/2021,61.14,23866,61.21,61.5,60.73
02/10/2021,61.47,28015,61.23,61.68,60.89
02/09/2021,61.09,30881,60.64,61.27,60.04
02/08/2021,60.56,20784,59.56,60.7,59.55
02/05/2021,59.34,23213,59.1,59.79,59.08
02/04/2021,58.84,24482,58.67,59.05,58.06
02/03/2021,58.46,33460,57.79,58.94,57.53
02/02/2021,57.46,34344,56.29,58.05,56.22
02/01/2021,56.35,33337,54.9,56.53,54.62
01/29/2021,55.88,1118,55.52,56.35,55.43
01/28/2021,55.53,5291,55.67,56.59,55.22
01/27/2021,55.81,18897,56.08,56.48,55.2
01/26/2021,55.91,17386,55.98,56.34,55.4
01/25/2021,55.88,23612,55.2,56.02,55.09
01/22/2021,55.41,32183,56.15,56.17,54.49
01/21/2021,56.1,21471,55.78,56.17,55.98
01/20/2021,56.08,29330,55.9,56.36,55.65
01/19/2021,55.9,36102,54.74,56.08,54.5
01/15/2021,55.1,29335,56.43,56.64,54.65
01/14/2021,56.42,31161,55.94,56.48,56.29
01/13/2021,56.06,32459,56.73,56.21,55.95
01/12/2021,56.58,27620,55.56,56.78,56.43
01/11/2021,55.66,32305,56.21,56.28,54.98
01/08/2021,55.99,329,54.46,56.3,56.07
01/07/2021,54.38,12746,54.14,54.9,53.94
01/06/2021,54.3,248,53.59,54.26,53.99
01/05/2021,53.6,61765,50.74,53.88,52.66
01/04/2021,51.09,560,51.66,50.8,50.62
12/31/2020,51.8,17725,51.51,51.91,50.9
12/30/2020,51.34,278,51.05,51.52,51.05
12/29/2020,51.09,1398,51.06,51.63,50.87
12/28/2020,50.86,3682,51.2,52.02,50.52
12/24/2020,51.29,618,51.1,51.39,51.13
12/23/2020,51.2,114,49.8,51.19,51.1
12/22/2020,50.08,21329,50.9,50.93,49.56
12/21/2020,50.91,95,52.31,50.87,50.69
12/18/2020,52.26,556,51.45,52.35,52.08
12/17/2020,51.5,9423,51.08,51.88,51.01
12/16/2020,51.08,144,50.72,51.13,50.99
12/15/2020,50.76,22900,50.33,50.88,49.79
12/14/2020,50.29,169,50.06,50.39,50.24
12/11/2020,49.97,199,50.34,50.03,49.88
12/10/2020,50.25,30075,48.98,51.07,48.86
12/09/2020,48.86,14021,48.83,49.54,48.38
12/08/2020,48.84,25625,48.68,49,48.11
12/07/2020,48.79,206,49.23,48.76,48.6
12/04/2020,49.25,25,48.82,49.08,49.05
12/03/2020,48.71,44,48.08,48.82,48.71
12/02/2020,48.25,34530,47.14,48.52,47.79
12/01/2020,47.42,31369,47.7,48.3,46.89
11/30/2020,47.59,303,47.75,47.95,46.85
11/27/2020,48.18,11298,48.9,49.07,47.36
11/25/2020,48.61,10311,47.86,49.05,47.6
11/24/2020,47.86,233,45.84,47.93,47.72
11/23/2020,46.06,29627,45.13,45.9,45.77
11/20/2020,44.96,314,44.22,45.17,45.01
11/19/2020,44.2,25080,44.16,44.42,44.19
11/18/2020,44.34,27952,43.78,44.3,44.13
11/17/2020,43.75,13303,43.9,44.23,43.08
11/16/2020,43.82,232,42.73,44.01,43.84
11/13/2020,42.78,33729,43.33,43.34,42.63
11/12/2020,43.53,36004,43.78,44.48,43.28
11/11/2020,43.8,2624,43.96,44.32,43.65
11/10/2020,43.61,41318,42.13,44.07,43.54
11/09/2020,42.4,262,39.7,42.36,41.98
11/06/2020,39.45,32655,40.77,40.78,39.33
11/05/2020,40.93,30612,41.17,40.75,40.63
11/04/2020,41.23,177,40.15,41.25,41.04
11/03/2020,39.71,268,39.22,40.22,39.86
11/02/2020,38.97,1044,37.42,39.34,39.1
10/30/2020,37.46,103,37.62,37.49,37.32
10/29/2020,37.65,140,39.32,37.84,37.56
10/28/2020,39.12,19846,40.71,39.31,38.74
10/27/2020,41.2,11302,40.52,41.47,40.4
10/26/2020,40.46,14413,41.63,41.63,40.22
10/23/2020,41.77,1964,42.44,41.93,41.61
10/22/2020,42.46,27628,41.72,42.79,41.47
10/21/2020,41.73,29817,42.82,43.04,41.46
10/20/2020,43.16,187,42.43,43,42.67
10/19/2020,42.62,13901,42.74,43.22,42.37
10/16/2020,42.93,4615,43.04,43.08,42.79
10/15/2020,43.16,38997,43.41,43.23,43.14
10/14/2020,43.32,375,42.42,43.43,43.28
10/13/2020,42.45,136,41.83,42.51,42.4
10/12/2020,41.72,120,42.69,41.82,41.67
10/09/2020,42.85,25076,43.41,43.56,42.61
10/08/2020,43.34,13763,42.06,43.47,41.86
10/07/2020,41.99,1009,41.94,42.18,41.92
10/06/2020,42.65,674,41.52,42.35,41.9
10/05/2020,41.29,29029,39.22,41.78,39.21
10/02/2020,39.27,200,40.79,39.24,39.05
10/01/2020,40.93,34234,42.02,42.56,39.92
09/30/2020,40.95,517,40.75,40.97,40.95
09/29/2020,41.03,1486,42.43,42.52,40.44
09/28/2020,42.43,9946,41.85,42.62,41.48
09/25/2020,41.92,869,41.93,42.01,41.69
09/24/2020,41.94,21,41.5,41.8,41.76
09/23/2020,41.77,22741,41.74,42.61,41.4
09/22/2020,41.72,19199,41.79,42.19,41.21
09/21/2020,41.44,219,43.02,41.82,41.63
09/18/2020,43.15,25486,43.26,43.22,42.69
09/17/2020,43.3,15583,42.26,43.51,41.52
09/16/2020,42.22,521,40.75,42.44,42.22
09/15/2020,40.53,237,39.66,40.73,40.51
09/14/2020,39.61,21703,39.77,40.09,39.31
09/11/2020,39.83,174,39.95,39.96,39.73
09/10/2020,40.06,23542,40.64,40.95,39.72
09/09/2020,40.79,29656,39.8,41.2,39.28
09/08/2020,39.78,51439,42.22,42.45,39.3
09/04/2020,42.66,31984,43.87,43.56,42.3
09/03/2020,44.07,30093,44.37,44.61,43.16
09/02/2020,44.43,3716,45.85,44.76,44.2
09/01/2020,45.58,19319,45.57,46.22,45.47
08/31/2020,45.28,9734,45.71,46.51,45.22
08/28/2020,45.81,20728,45.56,45.91,45.34
08/27/2020,45.09,1732,45.62,45.82,44.56
08/26/2020,45.64,14949,45.98,46.09,45.55
08/25/2020,45.86,8995,44.99,46.04,44.99
08/24/2020,45.13,8849,44.42,45.17,44.28
08/21/2020,44.35,11262,44.91,45.12,43.6
08/20/2020,44.9,196,45.27,44.95,44.87
08/19/2020,45.37,3395,45.04,45.49,45
08/18/2020,45.46,16452,45.38,45.54,44.77
08/17/2020,45.37,18063,44.96,45.42,44.5
08/14/2020,44.8,16242,45.05,45.42,44.48
08/13/2020,44.96,1201,45.43,45.11,44.86
08/12/2020,45.43,7356,44.58,45.62,44.51
08/11/2020,44.5,10079,44.99,45.78,44.41
08/10/2020,44.99,7180,44.61,45.26,44.4
08/07/2020,44.4,10675,45.12,45.25,44.26
08/06/2020,45.09,1254,45.24,45.32,44.98
08/05/2020,45.17,2350,44.4,45.36,45.02
08/04/2020,44.43,13942,43.91,44.82,43.24
08/03/2020,44.15,26437,43.55,44.45,42.89
07/31/2020,43.3,237,43.32,43.52,43.07
07/30/2020,42.94,2247,43.8,43.82,41.38
07/29/2020,43.75,69,43.3,43.81,43.74
07/28/2020,43.22,83,43.62,43.31,43.13
07/27/2020,43.41,10952,43.4,43.77,42.38
07/24/2020,43.34,10777,43.36,43.9,42.8
07/23/2020,43.31,23096,44.35,44.77,43.13
07/22/2020,44.29,18937,43.9,44.4,43.62
07/21/2020,44.32,21970,43.18,44.88,43.12
07/20/2020,43.28,9989,43.09,43.43,42.37
07/17/2020,43.14,18132,43.34,43.46,42.63
07/16/2020,43.37,19425,43.64,43.81,43.14
07/15/2020,43.79,23042,43.15,43.84,42.7
07/14/2020,42.9,21126,42.81,43.09,42.73
07/13/2020,42.72,22131,43.11,43.33,42.19
07/10/2020,43.24,23554,42.4,43.41,41.32
07/09/2020,42.35,22614,43.38,43.5,41.93
07/08/2020,43.29,18646,42.96,43.46,42.78
07/07/2020,43.08,18215,43.15,43.45,42.46
07/06/2020,43.1,9946,42.75,43.71,42.75
07/02/2020,43.14,21131,42.02,43.22,41.75
07/01/2020,42.03,26437,41.96,42.17,41.82
06/30/2020,41.15,683,41.25,41.26,41.09
06/29/2020,41.71,6664,40.31,41.94,40.06
06/26/2020,41.02,11661,41.47,41.78,40.29
06/25/2020,41.05,27368,40.43,41.64,39.47
06/24/2020,40.31,27324,42.33,42.89,39.62
06/23/2020,42.63,25464,43.17,43.93,42.21
06/22/2020,43.08,23634,41.55,43.17,41.51
06/19/2020,42.19,32728,41.42,42.93,41.01
06/18/2020,41.51,27616,40.58,41.64,40.05
06/17/2020,40.71,27916,40.71,41.45,40.03
06/16/2020,40.96,30469,39.77,41.66,38.97
06/15/2020,39.72,29251,38.69,39.88,37.24
06/12/2020,38.73,27754,38.38,39.44,37
06/11/2020,38.55,35513,41.31,38.92,37.83
06/10/2020,41.73,22826,40.87,41.99,40.13
06/09/2020,41.18,25330,40.95,41.43,39.85
06/08/2020,40.8,27714,42.41,43.43,40.68
06/05/2020,42.3,27833,39.93,42.48,39.72
06/04/2020,39.99,21847,39.38,40.1,39.06
06/03/2020,39.79,32814,39.52,40.53,38.75
06/02/2020,39.57,27325,38.48,39.79,38.34
06/01/2020,38.32,25728,37.54,38.68,37.17
05/29/2020,35.33,334,35.03,35.36,34.18
05/28/2020,35.29,6477,34.34,35.89,33.39
05/27/2020,34.74,15476,36.1,36.18,34
05/26/2020,36.17,25232,35.67,36.68,34.46
05/22/2020,35.13,29314,35.94,36.23,33.55
05/21/2020,36.06,25476,35.8,36.98,35.71
05/20/2020,35.75,24653,34.43,36.4,35.16
05/19/2020,34.65,23247,35.44,35.86,34.2
05/18/2020,34.81,27502,32.71,35.72,32.71
05/15/2020,32.5,28197,31.35,32.9,30.96
05/14/2020,31.13,25312,29.39,31.49,28.9
05/13/2020,29.19,24577,29.47,30.54,28.87
05/12/2020,29.98,25656,30.07,30.38,29.45
05/11/2020,29.63,31967,30.68,31.45,29.36
05/08/2020,30.97,19796,29.43,31.13,29.4
05/07/2020,29.46,35008,30.12,31.84,29.07
05/06/2020,29.72,35719,31.88,32.49,28.67
05/05/2020,30.97,35516,27.94,31.69,27.8
05/04/2020,27.2,29677,26.21,28.08,25.48
05/01/2020,26.44,27764,26.72,27.95,25.75
04/30/2020,25.27,1196,23.11,25.33,25.27
04/29/2020,22.54,9500,20.75,22.96,22.76
04/28/2020,20.46,19364,20.17,21.27,18.73
04/27/2020,19.99,23204,21.3,21.91,19.11
04/24/2020,21.44,30443,21.79,22.67,20.51
04/23/2020,21.33,42516,21.3,21.92,21.68
04/22/2020,20.37,49471,22.13,22.13,19.92
04/21/2020,19.33,82076,19.13,20.22,18.32
04/20/2020,25.57,44255,25.47,26.54,25.38
04/17/2020,28.08,34615,28.47,29,27.6
04/16/2020,27.82,29580,28.06,29.01,27.2
04/15/2020,27.69,29940,30.01,30.42,27.17
04/14/2020,29.6,29849,32.09,32.38,29.4
04/13/2020,31.74,26185,32.44,33.23,30.64
04/09/2020,31.48,46392,33.66,36.43,31.24
04/08/2020,32.84,36253,32.41,33.78,32.73
04/07/2020,31.87,34982,33.31,34.18,31.73
04/06/2020,33.05,35676,31.25,33.32,33.02
04/03/2020,34.11,54728,29.96,35,28.28
04/02/2020,29.94,63068,30.65,32.21,28.03
04/01/2020,24.74,41906,25.93,26.27,24.54
03/31/2020,26.35,40333,26.46,27.91,25.7
03/30/2020,22.76,5745,24,23.06,21.69
03/27/2020,24.93,21201,26.71,27,24.17
03/26/2020,26.34,24090,27.59,27.67,26.04
03/25/2020,27.39,24748,27.6,28.28,25.73
03/24/2020,27.15,27959,27.64,28.64,26.69
03/23/2020,27.03,30457,26.5,27.52,24.68
03/20/2020,26.98,51408,28,30.93,26.79
03/19/2020,28.47,41004,26.44,29.38,24.98
03/18/2020,24.88,46551,28.66,29.19,24.51
03/17/2020,28.73,32080,29.7,31.22,28.46
03/16/2020,30.05,42843,29.57,31.27,29.47
03/13/2020,33.85,49603,32.86,35.99,32.17
03/12/2020,33.22,66611,36.13,36.53,32.48
03/11/2020,35.79,59919,37.8,36.1,35.49
03/10/2020,37.22,66431,33.46,38.21,33.44
03/09/2020,34.36,75418,39.24,39.24,31.25
03/06/2020,45.27,68455,50.12,49.68,45.16
03/05/2020,49.99,38582,51.96,52.01,49.7
03/04/2020,51.13,39131,51.73,53.03,51.04
03/03/2020,51.86,41465,52.98,53.87,51.24
03/02/2020,51.9,46064,49.04,52.78,48.38
02/28/2020,50.52,1149,51.37,51.49,50.12
02/27/2020,52.18,7441,52.79,53.12,51.05
02/26/2020,53.43,25129,55.08,53.44,53.34
02/25/2020,54.95,25874,55.14,55.18,54.61
02/24/2020,56.3,26796,58.02,56.36,56
02/21/2020,58.5,35606,59.16,59.27,57.74
02/20/2020,59.31,32650,59.34,60.02,58.9
02/19/2020,59.12,35452,57.7,59.41,57.54
02/18/2020,57.75,46485,57.54,57.82,56.29
02/14/2020,57.32,40762,56.4,57.53,56.16
02/13/2020,56.34,48127,56.34,56.83,54.97
02/12/2020,55.79,42664,54.18,56.3,54.18
02/11/2020,54.01,35703,53.35,54.66,53.35
02/10/2020,53.27,35455,54.24,54.7,53.11
02/07/2020,54.47,43021,55.36,55.47,54.21
02/06/2020,54.93,49497,55.57,56.56,54.24
02/05/2020,55.28,54972,53.88,56.47,53.88
02/04/2020,53.96,51878,54.15,55.64,53.69
02/03/2020,54.45,65537,55.85,56.76,54.07
01/31/2020,58.16,573,59.07,59.53,57.98
01/30/2020,58.29,9426,59.61,59.61,57.73
01/29/2020,59.81,19776,59.67,60.61,59.25
01/28/2020,59.51,39174,58.95,60.11,58.5
01/27/2020,59.32,37086,60.28,60.49,58.5
01/24/2020,60.69,32842,60.73,60.86,60.62
01/23/2020,62.04,40984,62.63,62.78,61.25
01/22/2020,63.21,34046,63.17,63.47,62.53
01/21/2020,64.59,49011,65.3,66,64.06
01/17/2020,64.85,34060,64.75,65.14,64.49
01/16/2020,64.62,36606,64.31,64.96,63.92
01/15/2020,64,33681,64.46,64.61,63.55
01/14/2020,64.49,34006,64.22,65.04,63.91
01/13/2020,64.2,34898,65.18,65.25,63.92
01/10/2020,64.98,45308,65.41,65.66,64.86
01/09/2020,65.37,49531,65.79,66.09,64.55
01/08/2020,65.44,83539,68.47,66.31,65.68
01/07/2020,68.27,40677,68.58,68.74,67.65
01/06/2020,68.91,51077,69.07,70.72,68.19
01/03/2020,68.6,76623,66.29,69.48,66.22
01/02/2020,66.25,25300,66.47,66.57,65.73
12/31/2019,66,30166,66.68,66.92,65.64
12/30/2019,68.44,2269,68.21,68.91,68.18
12/27/2019,68.16,6667,67.92,68.29,67.58
12/26/2019,67.92,10101,67.37,67.95,67.19
12/24/2019,67.2,16842,66.51,67.25,66.37
12/23/2019,66.39,19990,66.21,66.6,65.81
12/20/2019,66.14,31172,66.52,66.71,65.73
12/19/2019,66.54,27484,66.12,66.78,66.04
12/18/2019,66.17,30914,65.83,66.42,65.57
12/17/2019,66.1,33438,65.37,66.23,65.12
12/16/2019,65.34,30341,64.98,65.65,64.88
12/13/2019,65.22,33913,64.41,65.78,64.39
12/12/2019,64.2,32566,63.89,64.57,64.3
12/11/2019,63.72,30836,64.16,63.9,63.79
12/10/2019,64.34,30819,64,64.68,63.77
12/09/2019,64.25,30310,64.4,64.5,63.61
12/06/2019,64.39,41683,63.29,64.86,62.83
12/05/2019,63.39,37069,63.05,63.9,62.75
12/04/2019,63,40515,61.16,63.53,60.99
12/03/2019,60.82,31827,60.91,61.59,60.3
12/02/2019,60.92,37632,60.8,62.08,60.5
11/29/2019,62.43,2968,63.87,64.04,62.4
11/27/2019,64.06,12361,64.14,64.6,63.53
11/26/2019,64.27,19406,63.51,64.31,63.45
11/25/2019,63.65,24092,63.46,63.79,62.96
11/22/2019,63.39,30521,63.67,64.3,62.99
11/21/2019,63.97,32667,62.44,64.03,61.93
11/20/2019,62.4,37744,60.74,62.8,60.3
11/19/2019,60.91,30852,62.33,62.55,60.63
11/18/2019,62.44,27766,63.3,63.58,61.94
11/15/2019,63.3,30329,63.41,63.5,63.24
11/14/2019,62.28,26971,62.55,63.2,62.14
11/13/2019,62.37,32610,61.97,62.71,62.43
11/12/2019,62.06,29716,62.17,62.85,61.8
11/11/2019,62.18,22835,62.51,62.75,61.58
11/08/2019,62.51,1,62.51,62.51,62.51
11/07/2019,62.29,31721,61.78,62.36,62.06
11/06/2019,61.74,34345,61.78,61.98,61.68
11/05/2019,62.96,26787,62.06,63.17,61.9
11/04/2019,62.13,28320,62,62.78,61.29
11/01/2019,61.69,27821,59.55,61.81,59.4
10/31/2019,60.23,911,60.69,61.03,60.07
10/30/2019,60.61,8203,61.31,61.91,60.47
10/29/2019,61.59,14804,61.65,61.98,60.67
10/28/2019,61.57,22277,61.99,62.34,61.2
10/25/2019,62.02,28529,61.52,62.08,61.93
10/24/2019,61.67,31927,61.09,61.91,60.66
10/23/2019,61.17,35245,59.63,61.3,58.85
10/22/2019,59.7,32762,59.05,60.26,58.77
10/21/2019,58.96,33900,59.36,59.54,58.26
10/18/2019,59.42,32258,59.88,60.27,59
10/17/2019,59.91,43888,59.1,60.03,58.64
10/16/2019,59.42,41204,58.76,59.73,58.35
10/15/2019,58.74,48761,59.29,59.68,58
10/14/2019,59.35,37789,60.56,60.75,58.51
10/11/2019,60.51,50840,59.58,60.69,59.21
10/10/2019,59.1,35156,58.39,59.53,57.11
10/09/2019,58.32,35380,58.24,58.36,58.19
10/08/2019,58.24,37987,58.47,58.93,57.37
10/07/2019,58.35,28243,58.28,58.58,58.22
10/04/2019,58.37,41166,57.6,58.95,57.6
10/03/2019,57.71,46326,57.5,57.99,56.15
10/02/2019,57.69,39598,59.22,59.49,57.23
10/01/2019,58.89,39983,59.53,60.09,58.41
09/30/2019,60.78,801,61.88,62.08,60.77
09/27/2019,61.91,6930,62.53,62.72,60.77
09/26/2019,62.74,10186,62.58,62.92,61.46
09/25/2019,62.39,22920,62.43,62.81,61.22
09/24/2019,63.1,26817,64.48,64.53,62.35
09/23/2019,64.77,22643,65.32,65.32,63.54
09/20/2019,64.28,21494,64.98,65.27,64.05
09/19/2019,64.4,35586,63.65,65.57,63.47
09/18/2019,63.6,36559,64.25,63.69,63.45
09/17/2019,64.55,86039,66.76,66.78,63.56
09/16/2019,69.02,67806,68.57,69.67,67.58
09/13/2019,60.22,25712,60.41,60.8,59.6
09/12/2019,60.38,44041,61.03,61.39,58.91
09/11/2019,60.81,36364,62.68,63.25,60.52
09/10/2019,62.38,31529,62.74,63.77,62.17
09/09/2019,62.59,30493,61.54,62.99,61.54
09/06/2019,61.54,35099,60.81,61.88,59.41
09/05/2019,60.95,36766,60.51,62.39,60.25
09/04/2019,60.7,35248,58.24,60.96,58.09
09/03/2019,58.26,48849,58.68,59.22,57.22
08/30/2019,60.37,549,61.03,61.14,60.3
08/29/2019,61.08,5720,60.49,61.18,60.01
08/28/2019,60.49,15019,60.14,61.05,59.82
08/27/2019,59.51,27976,58.71,60.14,58.51
08/26/2019,58.7,24570,58.4,60.17,58.27
08/23/2019,59.34,40095,60.04,60.28,58.32
08/22/2019,59.92,31426,60.42,60.89,59.47
08/21/2019,60.3,31355,60.06,61.41,60.05
08/20/2019,60.03,29269,59.74,60.32,58.96
08/19/2019,59.74,29626,58.63,59.92,58.59
08/16/2019,58.64,24508,58.42,59.5,58.29
08/15/2019,58.23,44032,59.05,59.42,57.69
08/14/2019,59.48,42291,60.98,61.08,58.23
08/13/2019,61.3,44444,58.4,61.5,57.98
08/12/2019,58.57,29973,58.36,58.87,57.88
08/09/2019,58.53,32688,57.65,59.1,57.12
08/08/2019,57.38,36552,57.37,58.01,56.77
08/07/2019,56.23,51688,58.56,59.19,55.88
08/06/2019,58.94,33052,60,60.54,58.57
08/05/2019,59.81,45081,61.55,61.55,59.67
08/02/2019,61.89,45978,61.1,62.93,60.89
08/01/2019,60.5,59354,64.29,64.52,60.03
07/31/2019,65.17,593,64.61,65.36,64.54
07/30/2019,64.72,7963,63.85,65.04,63.85
07/29/2019,63.71,12484,63.12,63.91,62.91
07/26/2019,63.46,25420,63.24,63.96,63.02
07/25/2019,63.39,26183,63.15,64.23,63.03
07/24/2019,63.18,40154,64.24,64.66,62.59
07/23/2019,63.83,30227,63.29,64.45,62.66
07/22/2019,63.26,32971,62.91,64.02,62.77
07/19/2019,62.47,35595,62.58,63.34,61.84
07/18/2019,61.93,48107,63.63,64.46,61.29
07/17/2019,63.66,33378,64.33,65.28,63.23
07/16/2019,64.35,40089,66.13,67.08,63.85
07/15/2019,66.48,34524,66.65,67.46,66.07
07/12/2019,66.72,31142,66.78,67.27,66.51
07/11/2019,66.52,36938,66.72,67.64,66.44
07/10/2019,67.01,40176,64.49,67.13,64.49
07/09/2019,64.16,27987,63.92,65.02,63.74
07/08/2019,64.11,28359,64.37,65.13,63.8
07/05/2019,64.23,33351,63.28,64.52,62.91
07/03/2019,63.82,10182,63.88,64.06,62.95
07/02/2019,62.4,46602,65.19,65.5,62.23
07/01/2019,65.06,40858,65.28,66.74,64.22
06/28/2019,64.74,1798,66.65,66.78,66.06
06/27/2019,66.55,8906,66.09,66.79,65.65
06/26/2019,66.49,24628,65.77,66.86,65.61
06/25/2019,65.05,34950,64.72,65.96,64.18
06/24/2019,64.86,37503,65.54,65.8,64.1
06/21/2019,65.2,49697,64.74,65.75,63.99
06/20/2019,64.45,61159,62.21,64.81,62.17
06/19/2019,61.82,48916,62.25,62.52,61.39
06/18/2019,62.14,44666,61.02,62.83,60.25
06/17/2019,60.94,45347,61.97,62.35,60.72
06/14/2019,62.01,37242,61.38,62.57,60.74
06/13/2019,61.31,69718,59.82,62.64,59.76
06/12/2019,59.97,44274,62.11,62.11,59.57
06/11/2019,62.29,39556,62.36,62.87,62.01
06/10/2019,62.29,32712,63.69,64.13,62.05
06/07/2019,63.29,42324,62.22,63.58,61.78
06/06/2019,61.67,47126,60.58,62.42,60.14
06/05/2019,60.63,64379,61.48,62.26,59.45
06/04/2019,61.97,56144,60.84,62.1,60.22
06/03/2019,61.28,58486,61.6,62.83,60.46
05/31/2019,61.99,1068,66.71,66.73,64.42
05/30/2019,66.87,11979,69.73,69.95,66.3
05/29/2019,69.45,27487,70.05,70.09,68.07
05/28/2019,70.11,55439,69.1,70.58,68.55
05/24/2019,68.69,11708,69.1,70.22,68.55
05/23/2019,67.76,76795,70.88,70.93,67
05/22/2019,70.99,53317,72,72.03,70.42
05/21/2019,72.18,52232,72.14,72.52,71.61
05/20/2019,71.97,45718,72.35,73.39,71.59
05/17/2019,72.21,41701,72.79,73.23,71.78
05/16/2019,72.62,55629,71.95,73.35,71.82
05/15/2019,71.77,47306,70.98,72.25,70.42
05/14/2019,71.24,56338,69.99,71.64,69.93
05/13/2019,70.23,58033,70.9,72.57,69.73
05/10/2019,70.62,49640,70.3,71.23,70.17
05/09/2019,70.39,44560,70.23,70.64,69.4
05/08/2019,70.37,43071,69.82,70.8,69.32
05/07/2019,69.88,47007,71.16,71.31,69.39
05/06/2019,71.24,34397,70.6,71.79,68.76
05/03/2019,70.85,35333,70.32,71.54,69.96
05/02/2019,70.75,49460,72.15,72.22,69.68
05/01/2019,72.18,31167,71.52,72.36,71.29
04/30/2019,72.8,941,72.1,73.2,71.73
04/29/2019,72.04,13425,71.7,72.5,71.11
04/26/2019,72.15,30199,74.3,74.41,71.29
04/25/2019,74.35,54260,74.53,75.59,74
04/24/2019,74.57,41370,74.32,74.72,74
04/23/2019,74.51,47084,74.2,74.73,73.99
04/22/2019,74.04,44646,72.05,74.51,71.9
04/18/2019,71.97,35040,71.55,72.03,71.21
04/17/2019,71.62,38175,71.84,72.26,71.46
04/16/2019,71.72,39912,71.27,71.94,70.75
04/15/2019,71.18,27790,71.62,71.65,70.78
04/12/2019,71.55,29483,70.92,71.86,70.9
04/11/2019,70.83,38046,71.66,71.68,70.58
04/10/2019,71.73,42970,70.83,71.79,70.58
04/09/2019,70.61,35933,71.08,71.34,70.3
04/08/2019,71.1,38349,70.5,71.19,70.44
04/05/2019,70.34,34793,69.26,70.47,68.93
04/04/2019,69.4,36605,69.49,70.01,68.88
04/03/2019,69.31,44784,69.79,69.96,68.8
04/02/2019,69.37,43771,69.21,69.52,68.69
04/01/2019,69.01,41006,67.54,69.19,67.54
03/29/2019,67.58,1132,68,68.88,67.82
03/28/2019,67.82,7537,67.87,68,66.55
03/27/2019,67.83,25680,67.87,68.35,67.2
03/26/2019,67.97,32787,67.25,68.22,67.25
03/25/2019,67.21,34630,66.93,67.64,66.37
03/22/2019,67.03,43653,67.71,67.97,66.21
03/21/2019,67.86,32863,68.32,68.7,67.61
03/20/2019,68.5,34393,67.52,68.57,67.19
03/19/2019,67.61,28535,67.45,68.22,67.14
03/18/2019,67.54,30260,67.05,67.69,66.7
03/15/2019,67.16,33644,67.13,67.71,66.14
03/14/2019,67.23,32204,67.59,68.13,67.03
03/13/2019,67.55,36095,66.88,67.75,66.71
03/12/2019,66.67,36752,66.68,67.39,66.35
03/11/2019,66.58,36531,65.73,66.78,65.65
03/08/2019,65.74,46179,66.07,66.08,64.01
03/07/2019,66.3,35143,65.93,66.99,65.76
03/06/2019,65.99,39794,65.63,66.17,65.23
03/05/2019,65.86,26780,65.72,66.22,65.04
03/04/2019,65.67,28309,65.01,66.34,65.01
03/01/2019,65.07,36193,66.41,67.14,64.59
02/28/2019,66.03,1028,66.32,66.36,65.75
02/27/2019,66.39,9317,65.54,66.7,65.3
02/26/2019,65.21,18151,64.72,65.72,64.34
02/25/2019,64.76,30588,66.8,67.47,64.56
02/22/2019,67.12,22271,66.89,67.73,66.83
02/21/2019,67.07,25669,67.15,67.32,66.7
02/20/2019,67.08,26074,66.36,67.37,65.63
02/19/2019,66.45,43338,66.31,66.83,65.58
02/15/2019,66.25,16639,66.31,66.83,65.9
02/14/2019,64.57,37682,63.63,64.81,63.28
02/13/2019,63.61,33178,62.65,63.96,62.65
02/12/2019,62.42,34125,61.6,63.32,61.54
02/11/2019,61.51,33796,62,62.34,60.9
02/08/2019,62.1,33102,61.6,62.35,61.05
02/07/2019,61.63,32870,62.66,62.9,60.61
02/06/2019,62.69,26011,62.04,62.8,61.05
02/05/2019,61.98,26412,62.78,63.02,61.72
02/04/2019,62.51,33369,62.7,63.63,61.28
02/01/2019,62.75,29137,61.29,62.99,60.46
01/31/2019,61.89,995,61.69,62.32,61.64
01/30/2019,61.65,9559,61.25,62.64,61.07
01/29/2019,61.32,17205,59.98,61.79,59.76
01/28/2019,59.93,27077,61.33,61.67,59.48
01/25/2019,61.64,27337,61.14,61.91,60.71
01/24/2019,61.09,32643,61.02,61.5,60.41
01/23/2019,61.14,32840,61.57,62.3,60.22
01/22/2019,61.5,47671,62.85,63.12,60.58
01/18/2019,62.7,15945,62.74,63.12,62.23
01/17/2019,61.18,29454,61.18,61.54,60.04
01/16/2019,61.32,30757,60.64,61.43,60.04
01/15/2019,60.64,26506,59.26,60.85,59.11
01/14/2019,58.99,28028,60.54,61.02,58.91
01/11/2019,60.48,30718,61.25,62.47,60.08
01/10/2019,61.68,27689,61.33,61.9,60.45
01/09/2019,61.44,34525,58.65,61.68,58.62
01/08/2019,58.72,30740,57.63,58.86,57.11
01/07/2019,57.33,38690,57.37,58.92,57.28
01/04/2019,57.06,39656,55.58,58.3,55.36
01/03/2019,55.95,34764,54.77,56.29,53.93
01/02/2019,54.91,39714,54.25,56.56,52.5
12/31/2018,53.8,19737,53.06,54.79,52.66
12/28/2018,53.21,881,53.03,53.51,51.63
12/27/2018,52.16,5666,54.92,54.92,51.99
12/26/2018,54.47,13296,51.13,55.28,49.96
12/24/2018,50.47,18037,53.58,54.64,50.38
12/21/2018,53.82,38650,54.82,55.3,52.81
12/20/2018,54.35,36130,56.55,56.74,54.28
12/19/2018,57.24,44696,56.21,58.1,56.03
12/18/2018,56.26,39794,58.81,59.22,55.67
12/17/2018,59.61,30160,60.37,61.19,58.63
12/14/2018,60.28,23554,61.66,61.75,59.92
12/13/2018,61.45,28237,60.31,62.02,59.34
12/12/2018,60.15,30544,60.51,61.42,59.99
12/11/2018,60.2,28928,59.89,61.09,59.62
12/10/2018,59.97,32521,61.45,62.31,59.56
12/07/2018,61.67,55699,60.31,63.71,59.1
12/06/2018,60.06,56701,61.7,61.96,58.39
12/05/2018,61.56,29898,61.36,63.27,60.81
12/04/2018,62.08,34513,61.86,63.56,61.24
12/03/2018,61.69,32451,59.89,62.59,59.5
11/30/2018,59.46,983,59.23,59.89,58.25
11/29/2018,59.51,7024,58.77,60.37,57.52
11/28/2018,58.76,17827,60.83,61.26,58.56
11/27/2018,60.21,44435,60.41,61.4,58.95
11/26/2018,60.48,31893,59.15,61.09,58.6
11/23/2018,58.8,55017,62.62,63.79,58.43
11/21/2018,63.48,17644,63.51,63.79,62.28
11/20/2018,62.53,42577,66.91,66.96,61.76
11/19/2018,66.79,28889,67.01,67.62,65.27
11/16/2018,66.76,36537,66.75,68.38,66.1
11/15/2018,66.62,34079,65.92,67.4,65.75
11/14/2018,66.12,46712,65.28,67.62,65.01
11/13/2018,65.47,55899,69.14,69.67,64.64
11/12/2018,70.12,38134,70.54,71.86,68.89
11/09/2018,70.18,31777,70.95,70.98,69.16
11/08/2018,70.65,38650,72.14,73.06,70.51
11/07/2018,72.07,35950,71.75,73.53,71.35
11/06/2018,72.13,30880,72.72,73.27,71.18
11/05/2018,73.17,26770,72.75,74.12,72.23
11/02/2018,72.83,35271,72.66,73.48,72.17
11/01/2018,72.89,32895,74.79,74.98,72.56
10/31/2018,75.47,2351,76.18,76.89,75.48
10/30/2018,75.91,15017,76.84,77.32,75.11
10/29/2018,77.34,13962,77.69,78.01,76.55
10/26/2018,77.62,29228,76.62,77.91,75.77
10/25/2018,76.89,29299,75.7,77.05,75.37
10/24/2018,76.17,54042,76.19,77.56,75.13
10/23/2018,76.44,58252,80.02,80.12,75.88
10/22/2018,79.83,33913,80.08,80.39,78.97
10/19/2018,79.78,33693,79.34,80.89,79.22
10/18/2018,79.29,38791,80.33,80.33,78.69
10/17/2018,80.05,37842,81.6,81.84,79.17
10/16/2018,81.41,31860,80.7,81.74,79.8
10/15/2018,80.78,30049,80.97,81.91,79.85
10/12/2018,80.43,35903,80.28,81.47,79.22
10/11/2018,80.26,46703,82.59,82.61,79.8
10/10/2018,83.09,29435,84.88,85.16,82.28
10/09/2018,85,34643,83.77,85.44,83.72
10/08/2018,83.91,27120,84.11,84.31,82.66
10/05/2018,84.16,26475,84.71,85.11,83.92
10/04/2018,84.58,32799,86.13,86.42,84.15
10/03/2018,86.29,30294,84.71,86.72,84.01
10/02/2018,84.8,24041,85.06,85.37,84.32
10/01/2018,84.98,33133,82.92,85.44,82.56
09/28/2018,82.73,1384,81.54,82.85,81.54
09/27/2018,81.72,11368,81.81,82.42,81.34
09/26/2018,81.34,15919,81.51,82.19,81.12
09/25/2018,81.87,26038,81.45,82.54,81.17
09/24/2018,81.2,21031,79.1,81.48,79.1
09/21/2018,78.8,36137,78.7,80.12,78.24
09/20/2018,78.7,20785,79.33,79.82,78.52
09/19/2018,79.4,17793,78.86,79.5,78.52
09/18/2018,79.03,21763,77.89,79.72,77.5
09/17/2018,78.05,21096,78.07,78.89,77.73
09/14/2018,78.09,23606,78.36,78.93,77.38
09/13/2018,78.18,27721,79.77,79.77,77.87
09/12/2018,79.74,29020,79.47,80.11,78.75
09/11/2018,79.06,29327,77.36,79.52,77.36
09/10/2018,77.37,22447,76.85,77.91,76.85
09/07/2018,76.83,16967,76.58,77.08,75.89
09/06/2018,76.5,31254,77.14,77.75,75.64
09/05/2018,77.27,27358,77.89,78.06,76.92
09/04/2018,78.17,35057,77.77,79.71,77.32
08/31/2018,77.64,8635,77.77,78.44,77.32
08/30/2018,77.77,7312,77.31,78,77.21
08/29/2018,77.14,7961,75.91,77.42,75.7
08/28/2018,75.95,14595,76.29,76.96,75.73
08/27/2018,76.21,9118,75.61,76.35,75.4
08/24/2018,75.82,17488,74.74,76.4,74.7
08/23/2018,74.73,12250,74.89,74.89,74.21
08/22/2018,74.78,18750,72.75,74.99,72.68
08/21/2018,72.63,14976,72.13,72.95,72.06
08/20/2018,72.21,17866,71.78,72.74,71.45
08/17/2018,71.83,14255,71.35,72.48,71.27
08/16/2018,71.43,17968,70.77,71.51,70.4
08/15/2018,70.76,24370,72.17,72.44,70.3
08/14/2018,72.46,19843,72.88,73.93,72.1
08/13/2018,72.61,17348,72.99,73.09,71.04
08/10/2018,72.81,15262,72,73.14,71.41
08/09/2018,72.07,15235,72.13,72.88,71.85
08/08/2018,72.28,22780,74.53,74.86,71.66
08/07/2018,74.65,17336,73.66,74.9,73.6
08/06/2018,73.75,19787,73.29,74.46,73.14
08/03/2018,73.21,14438,73.44,73.73,72.48
08/02/2018,73.45,18277,72.6,73.74,71.84
08/01/2018,72.39,22831,74.21,74.24,72.14
07/31/2018,74.25,1463,74.89,75.1,74.18
07/30/2018,74.97,6659,74.35,75.27,74.15
07/27/2018,74.29,12237,74.47,74.85,73.83
07/26/2018,74.54,24439,74.35,74.82,73.78
07/25/2018,73.93,23736,73.66,74.3,73.08
07/24/2018,73.44,20939,73,74.01,72.68
07/23/2018,73.06,25980,72.92,74.49,72.53
07/20/2018,73.07,22476,72.59,73.47,72.29
07/19/2018,72.58,29860,72.98,73.8,71.83
07/18/2018,72.9,24966,71.64,73.27,71.2
07/17/2018,72.16,27419,71.9,72.78,71.36
07/16/2018,71.84,26281,75,75.37,71.53
07/13/2018,75.33,26750,74.33,75.92,73.23
07/12/2018,74.45,45198,73.78,75.13,72.68
07/11/2018,73.4,46157,78.83,78.89,73.04
07/10/2018,78.86,18840,78.25,79.5,78.21
07/09/2018,78.07,13890,77.24,78.31,77.07
07/06/2018,77.11,24985,77.58,77.7,76.37
07/05/2018,77.39,27277,78.11,78.49,77.31
07/03/2018,77.76,7160,77.95,78.27,77.6
07/02/2018,77.3,23611,78.9,78.93,77.18
06/29/2018,79.23,777,77.77,79.7,77.77
06/28/2018,77.85,12533,77.51,78.4,77.11
06/27/2018,77.62,23432,76.48,78.17,76.28
06/26/2018,76.31,37976,74.75,76.7,74.13
06/25/2018,74.73,37934,75.07,75.13,73.74
06/22/2018,75.55,56102,73.37,75.81,73.18
06/21/2018,73.05,47381,74.36,74.68,72.94
06/20/2018,74.74,43788,75.02,75.85,74.11
06/19/2018,75.08,30177,75.42,75.53,74.45
06/18/2018,75.34,28069,73.05,75.54,72.44
06/15/2018,73.44,28767,76,76.07,73.07
06/14/2018,75.94,23398,76.55,76.91,75.77
06/13/2018,76.74,29527,75.48,76.87,75.2
06/12/2018,75.88,25425,76.45,77.07,75.45
06/11/2018,76.46,21726,76.39,76.82,75.53
06/08/2018,76.46,21022,77.26,77.58,76.14
06/07/2018,77.32,35369,75.91,77.37,75.42
06/06/2018,75.36,36370,75.09,76.26,74.47
06/05/2018,75.38,42590,75.52,75.73,73.82
06/04/2018,75.29,30790,76.61,76.93,75.2
06/01/2018,76.79,32879,77.7,77.94,76.35
05/31/2018,77.56,49726,77.7,79.16,76.96
05/30/2018,77.5,6321,75.4,77.72,74.88
05/29/2018,75.39,18465,76.18,76.18,74.49
05/25/2018,76.44,6650,76.18,76.18,74.49
05/24/2018,78.79,23471,79.71,79.84,78.57
05/23/2018,79.8,30512,79.49,79.85,78.23
05/22/2018,79.57,28610,79.49,80.49,79.17
05/21/2018,79.22,19191,78.53,79.59,78.11
05/18/2018,78.51,30063,79.51,79.86,78.33
05/17/2018,79.3,37863,79.24,80.5,79.12
05/16/2018,79.28,30917,78.13,79.33,77.63
05/15/2018,78.43,40356,78.53,79.45,77.9
05/14/2018,78.23,29578,77.09,78.52,76.54
05/11/2018,77.12,25208,77.41,77.59,76.95
05/10/2018,77.47,31700,77.29,77.97,76.5
05/09/2018,77.21,34447,75.86,77.41,75.86
05/08/2018,74.85,50257,75.66,76.18,73.1
05/07/2018,76.17,20378,74.98,76.33,74.85
05/04/2018,74.87,28107,73.76,75.05,73.25
05/03/2018,73.62,35275,73.14,74.08,72.48
05/02/2018,73.36,34397,73.21,73.62,72.37
05/01/2018,73.13,34892,74.65,74.99,72.75
04/30/2018,75.17,1020,74.38,75.36,73.55
04/27/2018,74.64,9832,74.71,75.01,74.38
04/26/2018,74.74,21652,74.07,74.95,74.06
04/25/2018,74,33420,73.95,74.18,73.18
04/24/2018,73.86,39978,74.9,75.46,73.7
04/23/2018,74.71,35366,73.88,75.11,73.13
04/20/2018,74.06,31701,74,74.2,72.83
04/19/2018,73.78,36859,73.76,74.74,73.46
04/18/2018,73.48,33530,71.77,73.92,71.65
04/17/2018,71.58,35976,71.6,71.88,70.83
04/16/2018,71.42,32790,72.62,72.88,71.13
04/13/2018,72.58,35274,72.17,72.86,71.61
04/12/2018,72.02,37229,71.93,72.46,71.09
04/11/2018,72.06,48497,71.03,73.08,70.56
04/10/2018,71.04,43693,68.56,71.32,68.48
04/09/2018,68.65,23624,67.03,68.8,67.03
04/06/2018,67.11,29966,68.59,68.62,66.86
04/05/2018,68.33,27718,68.35,68.92,67.73
04/04/2018,68.02,38579,68.14,68.27,66.7
04/03/2018,68.12,22499,67.65,68.42,67.59
04/02/2018,67.64,24544,69.42,70.03,67.48
03/29/2018,69.34,32016,69.01,69.76,68.25
03/28/2018,69.53,11349,69.68,70.25,68.78
03/27/2018,70.11,14554,70.21,71.03,69.46
03/26/2018,70.12,28000,70.64,71.05,69.67
03/23/2018,70.45,47674,68.9,70.57,68.8
03/22/2018,68.91,36896,69.77,69.91,68.58
03/21/2018,69.47,39135,67.56,69.85,67.47
03/20/2018,67.42,34410,66.2,67.89,66.17
03/19/2018,66.05,23333,66.12,66.35,65.39
03/16/2018,66.21,23793,65.05,66.42,64.89
03/15/2018,65.12,21219,64.85,65.39,64.61
03/14/2018,64.89,29010,64.67,65.19,64.07
03/13/2018,64.64,33622,64.92,65.66,64.04
03/12/2018,64.95,18540,65.54,65.83,64.18
03/09/2018,65.49,33019,63.85,65.62,63.7
03/08/2018,63.61,42699,64.55,64.55,63.43
03/07/2018,64.34,36069,65.43,65.78,63.84
03/06/2018,65.79,23966,65.59,66.15,65.31
03/05/2018,65.54,31046,64.69,65.87,64.1
03/02/2018,64.37,38468,64.24,64.68,63.2
03/01/2018,63.83,43737,64.76,65.02,63.18
02/28/2018,65.78,958,66.33,66.88,65.54
02/27/2018,66.63,7828,67.56,67.63,66.37
02/26/2018,67.5,18184,67.3,67.9,66.74
02/23/2018,67.31,20124,66.25,67.37,65.8
02/22/2018,66.39,25048,65.01,66.55,64.64
02/21/2018,65.42,23688,65.11,65.53,64.4
02/20/2018,65.25,30604,64.86,65.83,64.78
02/16/2018,64.84,857,64.86,65.4,64.86
02/15/2018,64.33,34190,64.32,65.1,63.12
02/14/2018,64.36,40123,62.47,64.56,61.96
02/13/2018,62.72,38531,62.74,63.1,61.76
02/12/2018,62.59,32984,62.64,64.41,62.56
02/09/2018,62.79,34480,64.38,64.63,61.77
02/08/2018,64.81,37657,65.44,65.59,64.11
02/07/2018,65.51,55987,67.23,67.72,65.16
02/06/2018,66.86,31970,66.99,67.59,66.55
02/05/2018,67.62,31752,68.2,68.46,67
02/02/2018,68.58,26605,69.75,70.01,67.96
02/01/2018,69.65,29117,68.84,69.96,68.81
01/31/2018,69.05,1349,68.38,69.07,68.3
01/30/2018,69.02,9383,69.52,69.52,68.42
01/29/2018,69.46,15591,70.52,70.64,69.08
01/26/2018,70.52,28872,70.1,70.83,69.84
01/25/2018,70.42,20825,70.71,71.26,69.97
01/24/2018,70.53,22693,69.88,70.91,69.54
01/23/2018,69.96,21382,69.25,70.24,69.12
01/22/2018,69.03,20181,68.78,69.51,68.39
01/19/2018,68.61,21477,69.14,69.15,68.27
01/18/2018,69.31,20006,69.43,69.66,68.8
01/17/2018,69.38,20152,69.39,69.59,68.54
01/16/2018,69.15,32156,69.91,70.37,68.84
01/12/2018,69.87,327,69.91,69.91,69.67
01/11/2018,69.26,32017,69.08,70.03,69
01/10/2018,69.2,21242,69.17,69.36,68.75
01/09/2018,68.82,24789,67.93,69.2,67.69
01/08/2018,67.78,17067,67.82,67.98,67.45
01/05/2018,67.62,17439,68.06,68.09,67.27
01/04/2018,68.07,22369,68,68.26,67.53
01/03/2018,67.84,25591,66.49,68.01,66.4
01/02/2018,66.57,23056,66.42,67.28,66.23
12/29/2017,66.87,12054,66.12,66.96,66.12
12/28/2017,66.72,596,66.42,66.78,66.29
12/27/2017,66.44,9772,66.72,66.94,66.05
12/26/2017,67.02,9471,65.07,67.08,65.01
12/22/2017,65.25,12207,64.6,65.28,64.39
12/21/2017,64.9,17555,64.48,64.92,64.19
12/20/2017,64.56,24247,63.85,64.6,63.68
12/19/2017,63.8,20997,63.44,63.91,63.3
12/18/2017,63.41,19213,63.32,63.91,63
12/15/2017,63.23,20372,63.42,63.67,63.08
12/14/2017,63.31,28719,62.84,63.5,62.02
12/13/2017,62.44,33448,63.9,64.31,62.36
12/12/2017,63.34,54992,64.74,65.82,63.09
12/11/2017,64.69,43921,63.34,64.92,62.99
12/08/2017,63.4,27889,61.94,63.61,61.94
12/07/2017,62.2,18931,61.24,62.25,61.16
12/06/2017,61.22,24626,62.77,62.92,61.14
12/05/2017,62.86,20599,62.39,63.13,62.14
12/04/2017,62.45,26856,63.49,63.64,62.32
12/01/2017,63.73,27677,62.64,64.31,62.6
11/30/2017,63.57,1499,63.34,64.2,63.2
11/29/2017,63.11,7593,63.34,64.04,62.55
11/28/2017,63.61,13742,63.71,63.9,63.11
11/27/2017,63.84,21369,63.85,63.98,63.1
11/24/2017,63.86,20576,63.52,63.95,62.89
11/22/2017,63.32,151,63.23,63.38,63.1
11/21/2017,62.57,28710,62.13,62.84,62.04
11/20/2017,62.22,22434,62.72,62.8,61.44
11/17/2017,62.72,30676,61.45,62.9,61.09
11/16/2017,61.36,27945,61.87,62.15,61.25
11/15/2017,61.87,27096,61.5,62.12,61.31
11/14/2017,62.21,45948,63.16,63.21,61.21
11/13/2017,63.16,29278,63.62,63.73,62.62
11/10/2017,63.52,24121,63.83,64.27,63.35
11/09/2017,63.93,197,63.83,63.85,63.73
11/08/2017,63.49,40628,63.63,64.64,62.95
11/07/2017,63.69,33360,64.09,64.64,63.49
11/06/2017,64.27,31809,62.13,64.44,62.13
11/03/2017,62.07,24834,60.73,62.22,60.6
11/02/2017,60.62,26740,60.44,60.82,60.04
11/01/2017,60.49,29443,61.1,61.7,60
10/31/2017,61.37,913,60.87,61.38,60.55
10/30/2017,60.9,10530,60.65,61,60.16
10/27/2017,60.44,13678,59.49,60.66,58.82
10/26/2017,59.3,22417,58.48,59.55,58.04
10/25/2017,58.44,24834,58.46,58.73,57.86
10/24/2017,58.33,31436,57.36,58.48,57.03
10/23/2017,57.37,25562,57.97,58.03,57.28
10/20/2017,57.75,26658,57.29,57.9,56.6
10/19/2017,57.23,29289,58.2,58.28,57.04
10/18/2017,58.15,24826,58.07,58.54,57.75
10/17/2017,57.88,30527,57.84,58.35,57.18
10/16/2017,57.82,21712,57.12,58.47,57.12
10/13/2017,57.17,22976,56.47,57.56,56.38
10/12/2017,56.25,22097,56.66,56.82,55.88
10/11/2017,56.94,20924,56.54,57.09,56.16
10/10/2017,56.61,20863,55.7,56.91,55.69
10/09/2017,55.79,22751,55.49,55.98,55.06
10/06/2017,55.62,32731,56.98,57.27,55.14
10/05/2017,57,27740,55.77,57.24,55.7
10/04/2017,55.8,25291,55.7,56.19,55.39
10/03/2017,56,20213,56.08,56.39,55.69
10/02/2017,56.12,19155,56.62,56.75,55.51
09/29/2017,56.79,917,57.53,57.76,57.21
09/28/2017,57.41,6642,57.67,58.62,56.85
09/27/2017,57.9,14474,58.6,58.86,57.57
09/26/2017,58.44,28126,59.2,59.49,57.78
09/25/2017,59.02,23576,56.89,59.22,56.7
09/22/2017,56.86,18004,56.5,56.9,56.23
09/21/2017,56.43,23231,56.18,56.53,55.78
09/20/2017,56.29,26725,55.41,56.48,55.28
09/19/2017,55.14,19107,55.45,55.88,54.89
09/18/2017,55.48,23402,55.53,55.94,54.82
09/15/2017,55.62,20860,55.27,55.85,54.87
09/14/2017,55.47,26567,55.07,56,54.93
09/13/2017,55.16,24387,54.26,55.2,54.03
09/12/2017,54.27,22555,53.86,54.44,53.43
09/11/2017,53.84,29589,53.75,54.11,53.04
09/08/2017,53.78,28817,54.54,54.86,53.56
09/07/2017,54.49,34585,54.08,54.67,53.89
09/06/2017,54.2,29960,53.18,54.3,53.09
09/05/2017,53.38,37958,52.33,53.65,51.98
09/01/2017,52.75,1037,52.8,52.8,52.34
08/31/2017,52.38,1552,50.51,52.35,50.13
08/30/2017,50.86,8266,51.88,52.02,50.63
08/29/2017,52,19439,52.15,52.15,51.37
08/28/2017,51.89,22730,52.67,53.16,51.52
08/25/2017,52.41,32333,52.2,52.79,51.92
08/24/2017,52.04,34515,52.55,52.71,51.61
08/23/2017,52.57,31155,51.63,52.62,51.45
08/22/2017,51.87,34698,51.68,52.27,51.4
08/21/2017,51.66,32509,52.9,52.9,51.29
08/18/2017,52.72,41032,50.86,52.95,50.78
08/17/2017,51.03,43137,50.38,51.11,49.99
08/16/2017,50.27,33788,50.96,51.35,50.15
08/15/2017,50.8,34986,50.65,51.1,50.03
08/14/2017,50.73,29701,52.01,52.39,50.58
08/11/2017,52.1,25239,51.92,52.27,51.31
08/10/2017,51.9,52863,52.78,53.63,51.68
08/09/2017,52.7,25860,51.83,52.82,51.83
08/08/2017,52.14,24109,52.24,52.73,51.82
08/07/2017,52.37,27703,52.38,52.56,51.37
08/04/2017,52.42,26699,51.91,52.52,51.44
08/03/2017,52.01,34467,52.29,52.87,51.79
08/02/2017,52.36,33979,51.57,52.42,51.19
08/01/2017,51.78,33734,52.67,52.93,50.88
07/31/2017,52.65,495,52.76,52.85,52.25
07/28/2017,52.52,10617,51.58,52.67,51.31
07/27/2017,51.49,21362,50.87,51.64,50.51
07/26/2017,50.97,25797,50.76,51.03,50.08
07/25/2017,50.2,26956,48.74,50.9,48.65
07/24/2017,48.6,25016,47.89,48.76,47.68
07/21/2017,48.06,26690,49.27,49.64,47.81
07/20/2017,49.3,23983,49.6,50.18,49.19
07/19/2017,49.7,19927,48.7,49.8,48.6
07/18/2017,48.84,20046,48.41,49.4,48.24
07/17/2017,48.42,15815,49.06,49.25,48.31
07/14/2017,48.91,21618,48.4,49.08,48.16
07/13/2017,48.42,22279,47.65,48.53,47.18
07/12/2017,47.74,29645,48.21,48.75,47.35
07/11/2017,47.52,21918,47.02,48.17,46.3
07/10/2017,46.88,20536,46.9,47.37,46.12
07/07/2017,46.71,27715,47.98,47.99,46.28
07/06/2017,48.11,25247,48.3,49.17,47.78
07/05/2017,47.79,40554,49.6,49.89,47.28
07/03/2017,49.68,184,49.6,49.67,49.35
06/30/2017,48.77,23255,47.54,49,47.54
06/29/2017,47.42,9372,47.44,48,47.19
06/28/2017,47.31,12792,46.25,47.47,46.19
06/27/2017,46.65,29470,45.96,47.04,45.82
06/26/2017,45.83,22688,45.69,46.22,45.04
06/23/2017,45.54,26351,45.29,45.74,45.04
06/22/2017,45.22,26897,44.84,45.78,44.55
06/21/2017,44.82,39732,45.84,46.61,44.36
06/20/2017,46.02,30403,46.9,47.22,45.43
06/19/2017,46.91,19561,47.3,47.75,46.77
06/16/2017,47.37,19580,46.84,47.6,46.82
06/15/2017,46.92,26428,46.99,47.19,46.7
06/14/2017,47,44338,48.18,48.68,46.77
06/13/2017,48.72,26732,48.27,48.81,47.88
06/12/2017,48.29,27915,48.18,49.12,48.01
06/09/2017,48.15,29485,47.91,48.54,47.44
06/08/2017,47.86,39847,48.23,48.58,47.56
06/07/2017,48.06,48740,49.99,50.13,47.97
06/06/2017,50.12,41397,49.48,50.3,48.99
06/05/2017,49.47,37995,49.96,50.73,49.05
06/02/2017,49.95,44189,50.4,50.51,48.96
06/01/2017,50.63,43625,50.91,51.45,50.25
05/31/2017,50.31,545,51.67,51.75,49.83
05/30/2017,51.84,16857,52.3,52.6,51.2
05/26/2017,52.15,452,51.37,52.32,52.01
05/25/2017,51.46,71742,53.91,54.66,51.03
05/24/2017,53.96,45759,54.2,54.62,53.67
05/23/2017,54.15,38661,53.85,54.47,53.21
05/22/2017,53.87,41124,53.87,54.37,53.65
05/19/2017,53.61,34464,52.53,53.79,52.53
05/18/2017,52.51,40609,52.1,52.74,51.11
05/17/2017,52.21,32694,51.24,52.6,51.05
05/16/2017,51.65,29310,51.86,52.35,51.19
05/15/2017,51.82,31856,50.84,52.62,50.65
05/12/2017,50.84,28738,50.77,51.08,50.34
05/11/2017,50.77,29448,50.28,51.15,50.24
05/10/2017,50.22,37509,48.99,50.62,48.85
05/09/2017,48.73,32505,49.44,49.71,48.41
05/08/2017,49.34,34806,49.29,49.88,48.49
05/05/2017,49.1,53760,48.39,49.62,46.65
05/04/2017,48.38,51139,50.62,50.72,48.18
05/03/2017,50.79,33626,51.05,51.12,50.21
05/02/2017,50.46,38076,51.39,52.14,50.16
05/01/2017,51.52,12912,51.85,51.98,51.22
04/28/2017,52.05,32475,51.96,52.59,51.63
04/27/2017,51.44,16815,51.47,51.75,50.43
04/26/2017,51.82,24306,51.86,52.44,51.4
04/25/2017,52.1,31189,51.65,52.38,51.31
04/24/2017,51.6,27056,52.05,52.58,51.43
04/21/2017,51.96,36216,53.03,53.28,51.57
04/20/2017,52.99,40707,53.06,53.54,52.69
04/19/2017,52.93,42940,54.74,55.22,52.59
04/18/2017,54.89,37685,55.48,55.49,54.62
04/17/2017,55.36,17646,55.85,55.97,55.3
04/13/2017,55.89,24917,55.67,56.06,55.58
04/12/2017,55.86,33015,56.28,56.63,55.51
04/11/2017,56.23,31758,56.05,56.28,55.46
04/10/2017,55.98,28159,55.24,56.05,55.24
04/07/2017,55.24,33006,54.75,56.07,54.57
04/06/2017,54.89,20228,54.15,54.99,54.02
04/05/2017,54.36,32860,54.27,55.08,53.98
04/04/2017,54.17,26955,53.14,54.36,52.75
04/03/2017,53.12,18217,53.64,53.72,53.04
03/31/2017,53.53,31784,53.1,53.76,52.62
03/30/2017,52.96,12142,52.4,53.09,52.03
03/29/2017,52.42,16814,51.34,52.46,51.34
03/28/2017,51.33,26625,50.86,51.87,50.79
03/27/2017,50.75,27084,51.02,51.1,50.03
03/24/2017,50.8,24410,50.6,51.05,50.4
03/23/2017,50.56,31436,50.76,51.09,50.26
03/22/2017,50.64,38521,50.87,50.97,49.64
03/21/2017,50.96,30304,51.66,52.21,50.73
03/20/2017,51.62,25071,51.75,51.93,51.01
03/17/2017,51.76,20037,51.72,52.17,51.53
03/16/2017,51.74,28687,52.09,52.59,51.5
03/15/2017,51.81,34704,51.79,52.04,51.36
03/14/2017,50.92,49257,51.4,51.83,50.25
03/13/2017,51.35,28701,51.37,51.69,50.84
03/10/2017,51.37,40592,52.44,53.01,51.15
03/09/2017,52.19,59917,53.13,53.85,51.48
03/08/2017,53.11,42719,55.61,55.76,52.94
03/07/2017,55.92,26829,55.99,56.64,55.55
03/06/2017,56.01,25242,55.8,56.24,55.32
03/03/2017,55.9,24552,55.18,55.94,55.09
03/02/2017,55.08,34782,56.31,56.44,55.01
03/01/2017,56.36,25884,56.5,57.05,56.23
02/28/2017,55.59,439,55.98,56.07,55.27
02/27/2017,55.93,8191,56.04,56.76,55.91
02/24/2017,55.99,18262,56.51,56.65,55.75
02/23/2017,56.58,35531,56.19,57.35,56.15
02/22/2017,55.84,36022,56.69,56.99,55.58
02/21/2017,56.66,56156,55.91,57.3,55.71
02/17/2017,55.81,13954,55.91,56.4,55.71
02/16/2017,55.65,32680,55.67,56.23,55.13
02/15/2017,55.75,26476,55.84,56.25,55.55
02/14/2017,55.97,25872,55.71,56.45,55.55
02/13/2017,55.59,24990,56.77,56.8,55.43
02/10/2017,56.7,29895,55.69,56.87,55.58
02/09/2017,55.63,28963,55.26,55.92,55.2
02/08/2017,55.12,44120,54.55,55.67,54.21
02/07/2017,55.05,32192,55.93,55.98,54.64
02/06/2017,55.72,26127,56.8,57.11,55.65
02/03/2017,56.81,25958,56.83,57.29,56.39
02/02/2017,56.56,30369,56.53,57.43,56.34
02/01/2017,56.8,34427,55.56,56.82,55.37
01/31/2017,55.7,578,55.22,55.94,54.94
01/30/2017,55.23,8411,55.4,55.64,54.97
01/27/2017,55.52,19802,56.11,56.5,54.85
01/26/2017,56.24,43982,55.37,56.55,55.21
01/25/2017,55.08,33535,55.24,55.64,54.76
01/24/2017,55.44,29373,55.39,55.85,55.05
01/23/2017,55.23,33119,55.47,55.74,54.65
01/20/2017,55.49,28952,54.28,55.79,54.19
01/19/2017,54.16,32681,54.31,54.75,53.9
01/18/2017,53.92,39734,55.47,55.89,53.78
01/17/2017,55.47,44316,55.67,56.97,55.2
01/13/2017,55.45,377,56.06,55.68,55.31
01/12/2017,56.01,35782,55.23,56.43,55.03
01/11/2017,55.1,45383,53.7,55.67,53.66
01/10/2017,53.64,33030,54.84,55.34,53.57
01/09/2017,54.94,25140,56.86,56.99,54.74
01/06/2017,57.1,24556,56.88,57.46,56.3
01/05/2017,56.89,32774,56.54,57.34,56.01
01/04/2017,56.46,27001,55.69,56.53,55.34
01/03/2017,55.47,41864,57.05,58.37,55.29
12/30/2016,56.82,13468,56.95,57.21,56.46
12/29/2016,56.14,595,55.97,56.64,55.97
12/28/2016,56.22,8283,56.08,56.56,55.89
12/27/2016,56.09,8191,55.48,56.26,55.05
12/23/2016,55.16,15100,54.88,55.34,54.27
12/22/2016,55.16,15100,54.88,55.34,54.27
12/21/2016,54.46,30833,55.6,55.86,54.32
12/20/2016,55.35,35707,55.12,55.91,54.75
12/19/2016,54.92,30529,55.49,55.79,54.69
12/16/2016,55.21,30759,54.22,55.38,53.71
12/15/2016,54.02,34338,53.72,54.5,53.15
12/14/2016,53.9,39693,55.23,55.8,53.61
12/13/2016,55.72,38120,55.37,56.43,55.15
12/12/2016,55.69,45663,54.75,57.49,54.75
12/09/2016,54.33,30376,53.95,54.44,53.77
12/08/2016,53.89,42879,53.05,54.05,52.83
12/07/2016,53,33774,53.96,54.21,52.92
12/06/2016,53.93,34415,54.21,54.93,53.52
12/05/2016,54.94,33280,54.23,55.33,53.81
12/02/2016,54.46,38574,53.87,54.5,52.86
12/01/2016,53.94,70732,51.46,54.52,51.43
11/30/2016,50.47,974,46.76,50.46,46.75
11/29/2016,46.38,14739,48.09,48.1,45.92
11/28/2016,48.24,24870,46.76,48.81,46.16
11/25/2016,47.24,26857,48.86,49.2,47.01
11/23/2016,48.95,265,49,49.09,48.91
11/22/2016,49.12,61401,49.1,49.97,48.14
11/21/2016,48.9,41484,47.01,49.15,47
11/18/2016,46.86,39010,46.09,46.98,45.76
11/17/2016,46.49,39236,46.44,47.61,46.02
11/16/2016,46.63,43244,47,47.56,46.27
11/15/2016,46.95,42987,44.73,47.26,44.68
11/14/2016,44.43,37102,44.68,44.98,43.58
11/11/2016,44.75,36110,45.7,45.88,44.2
11/10/2016,45.84,34928,46.6,46.91,45.55
11/09/2016,46.36,52980,45.95,46.95,44.39
11/08/2016,46.04,32933,46.24,46.68,45.61
11/07/2016,46.15,29932,46.07,46.38,45.38
11/04/2016,45.58,54170,46.38,46.54,45.08
11/03/2016,46.35,33078,46.96,47.51,46
11/02/2016,46.86,44500,47.98,48.07,46.48
11/01/2016,48.14,55438,48.59,49.25,47.73
10/31/2016,48.3,1715,49.45,49.69,47.99
10/28/2016,49.71,14602,50.31,50.57,49.34
10/27/2016,50.47,20181,49.99,50.9,49.87
10/26/2016,49.98,49400,50.25,50.69,49.66
10/25/2016,50.79,34186,51.35,51.83,50.22
10/24/2016,51.46,38967,51.96,52,50.5
10/21/2016,51.78,30114,51.44,51.93,51.13
10/20/2016,51.38,29138,52.63,52.68,51.18
10/19/2016,52.67,31240,52.13,53.14,52.1
10/18/2016,51.68,27482,51.69,52.12,51.27
10/17/2016,51.52,25171,51.96,52.28,51.17
10/14/2016,51.95,20724,52.1,52.56,51.5
10/13/2016,52.03,25470,51.72,52.15,50.94
10/12/2016,51.81,24322,52.62,52.85,51.61
10/11/2016,52.41,33562,52.99,53.31,52.12
10/10/2016,53.14,28307,51.62,53.73,51.28
10/07/2016,51.93,25494,52.67,52.84,51.34
10/06/2016,52.51,24720,51.68,52.72,51.34
10/05/2016,51.86,24789,51.38,52.09,51.23
10/04/2016,50.87,24264,50.5,51.35,50.35
10/03/2016,50.89,27073,50.2,51.13,49.79
09/30/2016,50.19,26756,49.73,50.27,48.91
09/29/2016,49.24,8988,48.96,49.8,48.03
09/28/2016,48.69,27274,46.3,48.94,45.72
09/27/2016,45.97,33434,47.09,47.28,45.64
09/26/2016,47.35,20322,46.08,47.66,45.74
09/23/2016,45.89,39562,47.42,48.25,45.67
09/22/2016,47.65,27470,47.12,47.84,47.04
09/21/2016,46.83,23758,46.25,47.15,46.25
09/20/2016,45.88,26899,45.74,46.29,45.09
09/19/2016,45.95,19156,45.89,46.92,45.86
09/16/2016,45.77,18632,46.18,46.4,45.48
09/15/2016,46.59,27285,46.15,47,45.69
09/14/2016,45.85,28171,47.22,47.47,45.71
09/13/2016,47.1,21433,48.13,48.21,46.99
09/12/2016,48.32,17925,47.78,48.62,46.91
09/09/2016,48.01,18435,49.62,49.68,47.77
09/08/2016,49.99,29911,48.56,50.14,48.21
09/07/2016,47.98,17295,47.13,48.54,46.97
09/06/2016,47.98,37390,46.65,49.37,46.3
09/02/2016,47.26,124,45.77,47.01,46.42
09/01/2016,46.83,23563,47.08,47.23,45.32
08/31/2016,45.45,668,48.02,48.4,46.97
08/30/2016,46.89,8105,49.3,49.76,48.26
08/29/2016,48.37,6603,49.62,49.62,48.98
08/26/2016,49.26,26474,49.66,50.75,49.14
08/25/2016,49.92,31496,49.03,49.78,48.7
08/24/2016,49.67,41014,49.46,49.86,48.68
08/23/2016,49.05,36490,49.23,50.2,48.49
08/22/2016,49.96,27417,50.74,50.74,49.1
08/19/2016,49.16,25168,50.88,51.22,50.33
08/18/2016,50.88,27719,49.72,51.05,49.51
08/17/2016,50.89,39681,48.98,49.99,48.55
08/16/2016,49.85,27655,48.21,49.35,47.91
08/15/2016,49.23,21179,47.15,48.53,46.84
