order id,userID,Order quantity,billing amount,Upayment,placeID
425894,U1077,9,13347,cash,135085
219985,U1077,4,7722,cash,135038
538499,U1077,8,10266,cash,132825
257187,U1077,6,14382,cash,135060
487598,U1068,6,5181,bank_debit_cards,135104
326683,U1068,6,10185,cash,132740
245715,U1068,8,15585,cash,132663
406583,U1068,10,10419,cash,132732
221708,U1068,5,6315,cash,132630
169740,U1067,9,16455,cash,132584
159369,U1067,4,14058,cash,132733
519110,U1067,9,5439,cash,132732
116261,U1067,8,6996,cash,132630
137744,U1067,5,6273,bank_debit_cards,135104
281739,U1067,9,16002,MasterCard-Eurocard,132560
121331,U1103,5,11880,cash,132584
356236,U1103,9,12276,cash,132732
468226,U1103,8,16608,cash,132630
377186,U1103,9,13134,cash,132613
185115,U1103,8,14229,cash,132667
312942,U1103,9,13983,VISA,135104
123102,U1103,9,13980,cash,132663
369063,U1103,10,6270,cash,132733
453947,U1107,6,11262,cash,132660
310206,U1107,10,12057,bank_debit_cards,132584
415084,U1107,7,8292,cash,132733
300595,U1044,8,16389,cash,135088
518936,U1044,6,12672,cash,132583
111264,U1070,9,5751,cash,132608
252888,U1070,5,9753,bank_debit_cards,132609
418249,U1070,4,5520,cash,132613
192605,U1031,4,16779,cash,132663
296532,U1031,5,16011,cash,132665
325454,U1031,6,16248,cash,132668
167543,U1082,7,9381,cash,132630
237224,U1023,10,16341,American_Express,132715
420538,U1023,8,5676,cash,132717
315294,U1082,9,15699,cash,132613
488523,U1082,9,4524,cash,132594
189684,U1082,3,5754,cash,132608
419365,U1082,10,11493,VISA,132609
410084,U1082,6,7158,cash,132663
246796,U1082,9,15684,cash,132560
390957,U1060,6,5541,cash,132564
156440,U1060,6,13788,cash,132717
466329,U1060,5,12669,cash,132733
454332,U1060,8,14004,bank_debit_cards,132740
140417,U1015,8,6378,cash,135071
402132,U1123,4,15942,American_Express,132733
340071,U1123,6,11865,VISA,132608
275490,U1123,5,6936,bank_debit_cards,135104
227023,U1123,7,5631,cash,132584
119806,U1123,9,14265,VISA,132667
380136,U1123,10,13494,bank_debit_cards,132740
228956,U1123,4,10377,cash,132613
153072,U1123,3,11892,MasterCard-Eurocard,132594
336253,U1021,9,12465,cash,132740
266230,U1026,4,9573,cash,132626
380522,U1021,8,8667,cash,132668
287768,U1021,7,16392,cash,132715
141574,U1044,4,11001,cash,134987
523925,U1083,5,13305,cash,135034
394190,U1083,9,6633,VISA,132723
281554,U1083,9,7611,cash,135046
357268,U1108,5,13881,cash,135075
134802,U1108,8,16722,cash,132572
265473,U1108,3,15831,cash,135074
312071,U1108,3,15219,cash,135028
114709,U1108,7,7437,cash,135085
105528,U1108,5,14628,cash,135032
239238,U1108,3,11424,VISA,135086
223036,U1108,7,15504,cash,132723
468781,U1108,9,6972,cash,135046
414381,U1108,7,12651,cash,135058
433900,U1012,6,5166,cash,135001
200930,U1012,8,15297,bank_debit_cards,134983
218481,U1012,10,6387,VISA,134996
479915,U1093,7,16065,cash,135019
417272,U1093,7,14142,cash,134996
471790,U1093,6,12117,cash,135001
507030,U1093,8,5928,cash,134976
488563,U1093,6,16158,cash,134999
134482,U1030,10,12291,bank_debit_cards,135018
204115,U1093,9,9462,cash,135013
202792,U1030,10,4584,cash,134986
495705,U1012,9,13572,MasterCard-Eurocard,134986
417941,U1012,7,7650,cash,135018
402179,U1030,9,11658,cash,135088
417262,U1093,3,11400,cash,132767
132925,U1030,9,7950,bank_debit_cards,135016
528574,U1093,6,13857,cash,135011
540629,U1030,5,5880,cash,132767
328867,U1030,5,6582,bank_debit_cards,135019
238213,U1030,3,10641,cash,135109
421678,U1030,8,16467,cash,134996
445858,U1066,8,7752,VISA,135011
132050,U1066,3,9183,cash,134999
531001,U1127,5,9783,bank_debit_cards,134975
306483,U1127,3,8328,VISA,135021
296419,U1127,9,7272,cash,134987
149452,U1127,8,12186,bank_debit_cards,134996
322010,U1017,8,9774,VISA,132768
153855,U1066,4,10383,bank_debit_cards,135019
420558,U1017,4,5862,cash,134975
173058,U1017,10,15642,cash,134983
251491,U1066,10,10389,cash,132767
318077,U1100,4,8211,cash,135021
543811,U1100,4,5436,cash,134996
463351,U1066,10,12489,cash,135013
406011,U1100,10,15627,cash,135000
375615,U1100,6,12807,cash,135001
359679,U1100,5,15699,VISA,132768
467943,U1100,6,7098,bank_debit_cards,134976
290648,U1133,9,5637,cash,134983
499949,U1133,9,9303,cash,134986
145086,U1133,10,15600,cash,132766
423724,U1133,5,11757,cash,132767
271811,U1133,10,8511,cash,135021
194113,U1133,7,16509,cash,135001
467478,U1133,7,10866,American_Express,134975
294619,U1133,7,5664,VISA,134992
465670,U1133,3,10035,cash,135019
219856,U1118,3,12336,cash,134987
176453,U1072,4,11442,cash,135016
330334,U1072,8,14793,cash,132773
505262,U1072,3,7737,cash,135088
289923,U1026,6,7710,cash,132561
331716,U1026,7,10401,VISA,132706
398540,U1026,10,16500,cash,132654
422520,U1026,4,9810,cash,132665
323129,U1023,5,16230,cash,132740
359787,U1023,8,16497,cash,132733
141072,U1080,5,11643,bank_debit_cards,132668
378725,U1080,10,13389,VISA,132660
260986,U1080,5,7977,cash,132733
527402,U1080,8,14412,cash,132608
340068,U1063,9,8925,bank_debit_cards,132660
138727,U1063,9,15609,cash,132584
194778,U1063,7,12957,bank_debit_cards,132609
476037,U1063,8,7059,cash,135104
285850,U1063,7,16782,VISA,132667
298928,U1080,10,7461,cash,132564
120922,U1080,3,15471,MasterCard-Eurocard,132715
244731,U1082,7,16566,cash,132732
503874,U1082,9,11571,cash,132733
500093,U1074,3,5088,cash,135011
474180,U1074,10,8940,cash,134987
540082,U1074,6,7263,VISA,134976
418518,U1117,9,10449,cash,135018
229988,U1117,10,16086,cash,132766
314362,U1117,9,9855,cash,135088
216888,U1117,6,6954,cash,135016
285543,U1117,7,15681,bank_debit_cards,132773
398329,U1117,9,14715,VISA,135000
311210,U1118,8,10758,bank_debit_cards,132583
435525,U1118,9,8142,cash,132768
544062,U1118,4,5517,cash,135021
292343,U1118,10,12243,cash,134983
343513,U1118,7,15642,cash,135001
395766,U1118,4,9447,cash,134992
153758,U1020,10,14868,bank_debit_cards,135088
429194,U1020,3,16203,cash,132768
293401,U1020,8,13146,cash,134996
484793,U1020,7,5247,cash,135109
393660,U1051,5,14664,cash,135088
249453,U1051,5,7035,cash,135109
169743,U1051,3,5142,cash,132768
325073,U1055,10,6213,cash,135051
242037,U1055,6,9657,cash,135075
111835,U1055,9,10647,cash,132572
111137,U1055,3,6525,bank_debit_cards,135028
339537,U1055,5,7224,cash,135025
270792,U1083,3,12777,cash,132572
198094,U1083,8,8982,cash,135049
483460,U1055,5,13755,cash,135106
150531,U1083,8,13770,cash,135072
287036,U1083,9,14283,cash,135074
391511,U1083,6,11256,cash,132755
248184,U1083,7,3862,cash,135044
356269,U1055,10,,cash,135048
215400,U1055,3,5123,cash,135047
524635,U1055,5,2042,bank_debit_cards,132754
502589,U1055,8,,cash,132825
283744,U1053,8,,cash,135076
181200,U1053,8,,cash,135032
464383,U1053,3,5286,cash,132825
407641,U1053,5,4252,cash,135063
528685,U1035,6,4831,cash,135018
433894,U1035,8,,cash,132773
422996,U1053,10,,cash,135042
155766,U1053,3,2246,bank_debit_cards,135053
312526,U1053,5,3108,cash,132754
409608,U1035,4,1935,cash,132583
523693,U1053,10,,cash,135081
174165,U1053,5,3441,cash,135025
421446,U1053,6,3820,cash,135038
152450,U1053,3,3613,cash,135060
543344,U1053,3,3737,cash,135062
286779,U1053,10,,cash,135047
258067,U1064,5,3645,cash,135042
202915,U1081,3,2026,bank_debit_cards,135069
504402,U1064,6,5188,cash,135057
158318,U1081,4,4202,cash,135076
417319,U1081,9,,cash,135043
335094,U1064,8,,cash,135069
181801,U1081,9,,cash,135039
500342,U1064,8,,cash,135060
256331,U1064,7,4877,cash,135052
187078,U1081,7,4626,cash,132825
493905,U1081,7,4456,cash,135032
317867,U1081,10,,cash,135028
242475,U1081,8,,cash,135085
126630,U1081,3,4452,VISA,135052
196298,U1081,3,3231,bank_debit_cards,135030
365557,U1081,9,,cash,135027
340710,U1001,5,1936,cash,132830
225790,U1001,3,3736,cash,132825
424146,U1014,9,,cash,135076
313555,U1088,9,,cash,132830
281284,U1088,10,,cash,135108
370235,U1014,8,,American_Express,135069
219296,U1014,9,,VISA,135050
308426,U1088,8,,cash,135057
537884,U1014,8,,cash,135081
109497,U1014,3,2671,cash,135057
247106,U1014,6,3854,cash,135070
219801,U1088,4,4795,cash,135041
542021,U1088,6,3625,cash,135069
344995,U1088,10,,VISA,135082
539690,U1014,7,4084,cash,135043
237333,U1014,4,2691,cash,135042
295048,U1088,7,1731,cash,135071
321232,U1088,8,,bank_debit_cards,135054
436240,U1088,6,5331,cash,135070
419051,U1014,7,4326,bank_debit_cards,135066
353035,U1088,8,,cash,135032
211978,U1088,7,5514,VISA,135081
496642,U1088,6,4947,cash,135051
190972,U1014,7,2450,MasterCard-Eurocard,132830
336734,U1014,3,3627,cash,135082
385581,U1056,9,,cash,135066
126097,U1056,7,2391,cash,135050
351954,U1056,10,,cash,135076
234132,U1056,9,,VISA,135081
271898,U1056,4,1534,cash,135062
510834,U1056,8,,cash,135027
301538,U1056,10,,cash,135085
485544,U1056,6,2016,cash,135052
248086,U1056,4,4667,bank_debit_cards,132825
329897,U1056,10,,VISA,135051
517207,U1134,8,,bank_debit_cards,135047
150106,U1134,4,1983,cash,135026
424386,U1134,8,,cash,135044
178719,U1134,7,2637,cash,132825
450482,U1134,8,,cash,135059
390743,U1134,4,2005,cash,135065
205565,U1134,10,,bank_debit_cards,135046
360159,U1134,3,2796,cash,135085
384747,U1134,6,1805,cash,135079
236924,U1134,3,1721,cash,135055
114730,U1134,3,5026,cash,132754
471503,U1134,8,,bank_debit_cards,132572
182950,U1134,8,,cash,135075
454592,U1134,6,4449,cash,135080
162940,U1134,10,,cash,135064
142863,U1134,6,5057,cash,135074
144406,U1106,5,4993,cash,135041
371607,U1126,4,4939,cash,135069
496126,U1106,6,4207,cash,135032
365755,U1126,6,3452,cash,135057
437248,U1126,9,,VISA,132830
530161,U1106,8,,cash,135028
242803,U1126,6,3610,bank_debit_cards,135040
484534,U1126,3,3719,VISA,135106
237184,U1126,5,3909,cash,135052
518078,U1126,7,5348,bank_debit_cards,135041
212589,U1126,10,,VISA,135038
174269,U1126,4,1559,cash,135054
513846,U1126,10,,cash,135108
437020,U1044,10,,cash,134986
438096,U1124,3,2724,cash,135054
494199,U1044,7,3003,cash,132768
530639,U1124,8,,bank_debit_cards,135108
346059,U1124,6,2203,cash,135032
474455,U1124,5,3643,cash,135071
539486,U1124,7,2739,cash,135070
471151,U1124,7,4094,cash,135069
490078,U1124,7,4058,cash,135081
167313,U1124,8,,American_Express,135057
321090,U1124,5,5278,cash,135039
372383,U1124,5,3345,cash,135050
107754,U1018,10,,cash,135043
478234,U1125,8,,cash,135043
169794,U1125,5,4397,cash,135081
331207,U1125,5,5406,cash,135076
247860,U1018,7,3968,cash,135082
379903,U1125,4,4701,cash,135050
218293,U1125,6,5471,VISA,135066
346126,U1125,6,5078,cash,135032
116367,U1119,9,,bank_debit_cards,134986
426244,U1119,3,2614,VISA,135021
214676,U1119,5,5220,cash,135001
379395,U1125,6,4716,bank_debit_cards,135042
534279,U1119,7,2165,VISA,132583
230157,U1125,9,,cash,135063
500956,U1119,9,,cash,132768
239808,U1125,6,4340,cash,135060
438209,U1125,5,2613,cash,135038
302138,U1125,3,5072,cash,135062
401109,U1018,8,,bank_debit_cards,135081
334902,U1018,3,4527,cash,135057
398020,U1018,7,4997,cash,135066
281009,U1018,5,2338,cash,135032
208527,U1018,7,1542,cash,135062
304320,U1018,5,1787,cash,135025
272263,U1018,6,2040,American_Express,135069
462820,U1018,10,,cash,135108
394868,U1076,9,,cash,135039
243621,U1076,4,4215,cash,135038
298034,U1076,4,1676,cash,135027
367632,U1076,3,1558,American_Express,135042
530879,U1022,7,3797,VISA,135040
337137,U1076,4,4242,cash,135073
334074,U1022,10,,cash,135033
331645,U1022,7,5254,cash,135025
338859,U1022,10,,cash,135032
512736,U1022,10,,cash,135057
272421,U1022,9,,cash,135060
148286,U1022,10,,VISA,135052
384223,U1022,8,,cash,135038
326141,U1022,4,5261,cash,135081
494858,U1022,5,2687,cash,135045
157193,U1022,4,3713,bank_debit_cards,135051
528626,U1022,6,1814,cash,135073
440563,U1022,6,5187,bank_debit_cards,135062
180520,U1022,4,2628,cash,135063
292530,U1094,9,,VISA,135054
139986,U1094,6,5462,cash,135082
304280,U1094,4,3377,MasterCard-Eurocard,135057
152704,U1094,9,,cash,135071
465067,U1094,10,,cash,132830
383520,U1094,6,4192,cash,135070
296985,U1094,7,2304,cash,135108
535291,U1094,4,2999,VISA,135069
277872,U1116,6,4668,cash,135047
200576,U1116,10,,cash,135060
254587,U1116,8,,cash,135038
493902,U1116,4,5262,cash,135085
195126,U1116,10,,bank_debit_cards,135052
498947,U1116,4,5318,VISA,135025
204092,U1116,6,4640,cash,135059
414368,U1116,3,4637,cash,135027
467893,U1116,5,1774,cash,132825
484500,U1116,5,4241,cash,135030
292912,U1116,10,,cash,132834
482540,U1105,5,3970,bank_debit_cards,135057
392820,U1105,3,4624,MasterCard-Eurocard,135069
169270,U1105,3,1703,cash,132830
268893,U1105,10,,cash,135040
107627,U1105,8,,cash,135033
196574,U1105,3,3009,cash,135054
159399,U1105,8,,cash,135039
131003,U1105,3,2030,VISA,135052
195670,U1075,6,5097,cash,135081
483224,U1075,10,,cash,135066
441987,U1075,5,3919,cash,135050
435990,U1007,5,3109,bank_debit_cards,135108
515961,U1075,10,,cash,135076
174058,U1007,9,,cash,135057
165149,U1075,5,3561,cash,135032
260848,U1075,8,,cash,132834
198556,U1075,8,,bank_debit_cards,135057
250068,U1075,10,,cash,132830
311293,U1075,5,2756,cash,135062
219189,U1075,5,1749,cash,135039
419298,U1075,7,1730,cash,135051
311776,U1075,4,2086,cash,135041
527906,U1115,6,4580,American_Express,135057
512009,U1115,4,4287,cash,135082
394779,U1115,6,1701,cash,135054
448240,U1115,3,4434,cash,135108
425918,U1115,3,2160,cash,135069
234201,U1115,4,2012,VISA,132830
218201,U1115,10,,cash,135070
215287,U1115,5,3832,cash,135071
249901,U1072,10,,cash,135000
168933,U1024,4,5245,cash,132834
430643,U1024,6,2988,cash,135106
312896,U1024,7,1544,bank_debit_cards,135042
478060,U1024,8,,cash,132825
164735,U1024,4,3404,American_Express,135060
212960,U1024,10,,VISA,135032
303243,U1024,3,3803,bank_debit_cards,135039
139086,U1024,4,1834,cash,135045
473096,U1024,3,3699,VISA,135027
516098,U1024,4,5087,bank_debit_cards,135073
209248,U1024,7,4019,cash,135051
126000,U1024,4,1925,MasterCard-Eurocard,135041
396730,U1024,10,,cash,135038
338516,U1024,7,1773,cash,135028
240659,U1024,7,4645,cash,135030
331020,U1132,4,2343,cash,135038
145465,U1132,7,1947,cash,132825
288047,U1132,7,3850,cash,135085
536447,U1132,6,4407,VISA,135062
313657,U1132,9,,cash,135025
341187,U1132,9,,cash,135052
202789,U1132,5,3107,cash,135028
161744,U1132,10,,cash,135032
503496,U1132,4,2116,cash,135051
300127,U1132,6,4986,cash,135027
381217,U1005,3,5437,cash,135050
431253,U1005,6,4351,VISA,135076
499368,U1005,8,,cash,132830
228229,U1005,8,,cash,135066
177504,U1005,4,3413,cash,135041
287992,U1005,8,,cash,135057
171954,U1005,7,2127,bank_debit_cards,135043
106355,U1005,3,3495,VISA,135042
385589,U1005,6,2972,cash,135032
353387,U1120,7,3719,cash,135085
198943,U1120,9,,cash,132845
261560,U1120,5,3171,cash,135032
124410,U1120,7,2168,cash,135045
436955,U1120,9,,bank_debit_cards,135038
384417,U1004,7,1789,cash,135060
274705,U1004,5,4336,cash,135028
485494,U1004,10,,MasterCard-Eurocard,135106
268373,U1120,4,5463,cash,135057
188798,U1004,4,5010,cash,135062
278163,U1120,10,,cash,135026
271326,U1004,10,,bank_debit_cards,135032
223696,U1120,7,5374,cash,132846
435056,U1077,4,2216,cash,135027
185708,U1120,6,2798,bank_debit_cards,132847
269851,U1037,6,3706,cash,135054
395758,U1037,10,,cash,135082
138330,U1037,8,,VISA,135070
416585,U1037,3,1552,cash,132845
117558,U1037,4,3519,bank_debit_cards,135108
281181,U1037,10,,VISA,132847
180255,U1037,6,3296,cash,132830
379022,U1035,3,1909,bank_debit_cards,135000
279248,U1035,9,,VISA,134996
127355,U1035,3,4501,bank_debit_cards,134986
278614,U1052,4,1702,cash,132851
201726,U1036,9,,cash,132834
391938,U1036,3,4780,cash,135064
184899,U1036,8,,cash,135079
358552,U1036,6,3598,cash,135042
544251,U1036,5,5394,cash,135085
371331,U1036,4,1703,cash,135025
477428,U1036,9,,cash,132825
278561,U1036,6,4432,VISA,135059
430155,U1036,4,4061,bank_debit_cards,135052
370637,U1036,7,2917,cash,132754
248671,U1036,4,2001,cash,135065
411592,U1036,5,1633,cash,135045
218312,U1038,10,,cash,132854
151643,U1038,10,,cash,132856
180772,U1038,3,4528,cash,132858
476135,U1038,8,,American_Express,132861
199555,U1038,9,,VISA,132862
206941,U1071,7,1669,cash,132862
213634,U1071,8,,cash,135063
442283,U1071,6,1764,cash,135052
489217,U1071,3,4868,cash,135060
179781,U1071,9,,cash,135042
539907,U1071,10,,cash,132825
475540,U1071,7,5372,VISA,132856
206337,U1071,9,,cash,135032
136036,U1071,8,,cash,132834
492970,U1071,10,,cash,135039
460773,U1071,7,4445,cash,135028
218776,U1071,8,,bank_debit_cards,135025
265509,U1071,3,2757,VISA,135030
397826,U1114,10,,cash,135053
528138,U1084,4,2342,cash,135058
236419,U1084,5,3438,bank_debit_cards,132862
160740,U1084,5,3072,cash,135072
500641,U1084,5,3754,bank_debit_cards,135030
405566,U1084,4,1989,cash,135026
406992,U1084,6,1902,VISA,135035
144332,U1084,10,,cash,135045
141711,U1084,5,2021,MasterCard-Eurocard,132861
421796,U1084,10,,cash,135085
370753,U1084,4,2360,cash,132723
175291,U1049,3,4243,cash,132825
203058,U1049,9,,cash,135041
311071,U1019,8,,VISA,132830
234308,U1019,7,4832,cash,135076
190618,U1019,6,3994,cash,135038
391650,U1019,6,3749,cash,132856
289326,U1069,3,5080,cash,135070
222950,U1069,3,3516,bank_debit_cards,135082
429404,U1069,10,,VISA,135108
141123,U1069,10,,bank_debit_cards,132858
267814,U1069,6,3039,cash,135069
450066,U1069,5,3167,cash,132846
514587,U1069,4,4374,cash,132845
361508,U1069,7,1528,cash,132851
383403,U1069,6,5185,cash,132847
496432,U1113,10,,bank_debit_cards,135038
385088,U1113,7,2910,cash,135057
383570,U1113,5,2758,cash,135085
397621,U1113,7,2081,cash,135032
425069,U1113,7,3538,cash,135079
321419,U1113,6,4668,cash,135046
467084,U1113,8,,cash,132856
206733,U1113,8,,cash,132854
412060,U1104,4,3041,cash,135039
373116,U1104,5,2844,cash,132825
154384,U1104,9,,bank_debit_cards,135085
374316,U1104,7,2296,cash,135030
157552,U1104,10,,cash,135062
527813,U1106,6,4027,cash,135047
327514,U1106,7,3421,cash,135052
394267,U1104,9,,cash,132834
336190,U1106,10,,cash,135106
415937,U1106,9,,cash,132754
528085,U1104,10,,cash,135052
124045,U1106,4,2074,cash,132856
531382,U1104,10,,cash,135032
539029,U1104,7,4067,bank_debit_cards,135025
243368,U1106,10,,cash,132834
375130,U1104,4,5002,cash,135047
284850,U1106,4,2896,cash,135042
245265,U1106,10,,bank_debit_cards,135039
415214,U1052,3,5598,cash,132866
430236,U1106,9,,cash,135066
129769,U1106,9,,cash,135085
130609,U1104,4,4763,cash,135033
343213,U1106,9,,cash,135062
444928,U1106,7,1776,cash,132862
107081,U1106,9,,cash,135030
474545,U1106,5,2545,cash,135079
466404,U1106,8,,bank_debit_cards,135064
464462,U1052,3,4775,MasterCard-Eurocard,132869
132381,U1052,9,,cash,132870
452770,U1104,3,2555,cash,135041
426760,U1079,4,2989,cash,134986
256761,U1079,6,1803,cash,134976
539379,U1079,9,,cash,132768
461034,U1079,9,,VISA,132766
347104,U1045,4,4713,cash,132825
304866,U1045,7,1905,cash,135064
189811,U1045,6,5238,cash,132856
529967,U1045,8,,bank_debit_cards,135085
383116,U1045,5,3342,cash,135032
190314,U1045,6,4848,cash,132834
360480,U1045,4,4272,cash,135052
236447,U1045,9,,cash,135060
210754,U1045,10,,bank_debit_cards,135051
281506,U1045,8,,cash,135041
355879,U1009,7,4053,cash,132754
233902,U1009,4,3287,cash,132862
194037,U1009,4,1761,cash,135060
202447,U1009,6,2909,cash,135059
335473,U1009,8,,American_Express,132834
300553,U1009,5,1750,cash,135058
426981,U1009,6,5406,cash,135038
133555,U1009,4,5420,cash,132825
180392,U1009,8,,cash,135052
247333,U1009,8,,VISA,135063
435451,U1009,3,2489,cash,135079
296842,U1016,7,2256,cash,132834
505140,U1016,4,3796,cash,135042
323964,U1016,5,4231,cash,135032
492928,U1016,10,,cash,135106
474803,U1016,4,1868,bank_debit_cards,132856
248042,U1016,8,,cash,135045
277697,U1016,8,,American_Express,135060
224447,U1016,6,1828,VISA,135066
110663,U1016,9,,bank_debit_cards,135085
338250,U1016,10,,cash,135052
286060,U1016,5,3215,VISA,132862
407507,U1016,9,,bank_debit_cards,135051
177722,U1016,7,5075,cash,135062
194964,U1047,10,,MasterCard-Eurocard,132875
462231,U1047,4,3619,cash,132877
443367,U1047,9,,cash,132884
447772,U1095,9,,cash,132872
385086,U1095,4,3163,cash,135034
397599,U1095,9,,cash,135058
128138,U1034,7,2269,cash,135086
423636,U1095,5,5432,VISA,132861
370822,U1034,6,3459,cash,135049
523852,U1034,6,2205,cash,132723
311920,U1095,5,2289,cash,132723
381375,U1095,8,,cash,135086
361689,U1095,7,2250,cash,135055
323931,U1007,4,1847,cash,135058
470730,U1007,10,,cash,135085
181231,U1095,9,,VISA,135064
163658,U1095,6,3587,cash,135035
526316,U1095,3,3472,cash,135072
254557,U1007,4,2689,cash,135025
278123,U1007,9,,cash,135032
355758,U1007,8,,bank_debit_cards,135086
469594,U1007,7,3840,VISA,132572
532193,U1007,4,5007,cash,135038
527832,U1078,9,,cash,132885
195349,U1099,5,1822,cash,135076
261971,U1099,7,2149,cash,132834
518582,U1008,6,2129,cash,132866
464597,U1008,3,3781,bank_debit_cards,132858
341859,U1099,4,3998,cash,135043
136365,U1099,5,2461,cash,132885
359716,U1008,6,5407,MasterCard-Eurocard,132854
481441,U1099,6,2140,cash,132872
388532,U1008,9,,cash,135108
300572,U1008,3,3571,cash,132851
304916,U1099,6,4688,bank_debit_cards,132856
315958,U1008,9,,cash,132869
141835,U1099,8,,cash,135066
161060,U1008,6,3560,bank_debit_cards,135069
539300,U1099,4,5052,cash,135038
141183,U1099,7,1643,cash,135060
224268,U1099,8,,VISA,135045
185303,U1008,4,2275,cash,132846
361541,U1008,10,,bank_debit_cards,135054
532324,U1099,7,2522,VISA,135042
327256,U1040,4,4961,cash,132773
255836,U1040,4,2156,bank_debit_cards,134999
204951,U1040,5,2559,VISA,135013
314508,U1040,7,2681,bank_debit_cards,135019
278648,U1121,10,,cash,135021
267895,U1110,5,2096,cash,135021
262963,U1110,9,,cash,132767
174919,U1110,9,,cash,135013
250937,U1110,9,,cash,134999
272512,U1121,3,5344,cash,135019
542522,U1121,7,1937,cash,132767
359484,U1121,10,,cash,134999
273724,U1042,8,,VISA,132768
537020,U1042,9,,bank_debit_cards,135021
155935,U1042,6,4984,cash,134996
329128,U1013,7,4466,cash,135079
529436,U1013,3,2416,cash,135072
241330,U1013,3,2313,cash,135085
535919,U1013,5,5578,cash,135076
318098,U1054,10,,cash,135062
374292,U1054,7,3527,American_Express,135060
261912,U1054,10,,VISA,135039
273636,U1054,10,,cash,135052
313510,U1054,4,3395,cash,132856
240222,U1054,4,3745,cash,135051
120309,U1054,7,3593,cash,135025
400787,U1054,5,2483,cash,135041
518864,U1054,8,,cash,135038
318043,U1054,9,,VISA,135032
346809,U1054,10,,cash,135045
500123,U1042,6,4433,cash,134986
453277,U1042,3,3755,cash,134992
479273,U1111,5,3719,cash,132845
252243,U1111,8,,bank_debit_cards,135071
379854,U1111,3,3537,VISA,132858
523556,U1111,6,2422,cash,132854
212751,U1111,5,4802,cash,132877
392998,U1037,10,,bank_debit_cards,135071
120739,U1111,10,,cash,132851
209628,U1111,3,2897,bank_debit_cards,135108
388081,U1111,7,2100,cash,132869
431202,U1037,8,,VISA,132869
131507,U1111,6,5228,cash,132870
325737,U1037,6,4749,MasterCard-Eurocard,132851
112917,U1111,10,,cash,132847
178335,U1111,4,3228,cash,135082
455345,U1037,6,1639,cash,132854
488062,U1015,7,2185,cash,132845
174563,U1015,10,,VISA,132866
203133,U1015,3,4567,cash,132870
427149,U1015,6,5070,cash,135054
275913,U1015,4,3541,cash,132869
168416,U1015,10,,cash,132851
484980,U1015,3,2410,bank_debit_cards,132877
385870,U1128,6,2435,VISA,132872
357190,U1062,7,5396,bank_debit_cards,132872
291548,U1101,7,1783,cash,135039
336995,U1101,8,,cash,135027
528208,U1101,4,3014,cash,135073
168471,U1101,5,3894,cash,135106
300933,U1101,7,2469,cash,132856
335807,U1101,8,,bank_debit_cards,135032
413437,U1101,7,3096,cash,135038
509004,U1101,4,4820,cash,135051
486649,U1101,8,,cash,135052
277964,U1101,4,4425,cash,135041
216622,U1001,8,,cash,135085
185145,U1001,7,4910,cash,135040
143425,U1001,9,,cash,135039
275763,U1001,3,3126,cash,135045
105284,U1001,7,3852,cash,135033
336932,U1001,8,,bank_debit_cards,135025
357032,U1001,5,4953,cash,135051
367281,U1135,3,1578,cash,135085
351887,U1135,4,3641,cash,135106
469735,U1135,8,,cash,135052
491616,U1135,10,,cash,135041
453251,U1032,8,,cash,132872
289691,U1032,5,3746,cash,135058
349027,U1032,4,3569,cash,135079
266405,U1032,6,3032,cash,135085
376200,U1032,9,,cash,135042
228198,U1032,5,3106,bank_debit_cards,132856
420220,U1135,5,5378,cash,132825
240113,U1135,4,3437,cash,132834
163826,U1032,7,4398,cash,135038
442406,U1032,10,,cash,132834
497167,U1032,9,,cash,135060
144179,U1135,6,2590,cash,135058
492525,U1032,4,2973,cash,135032
423707,U1135,7,4905,cash,135063
383415,U1135,7,3992,bank_debit_cards,132856
222592,U1135,9,,cash,135045
522725,U1135,9,,cash,135028
352261,U1135,9,,cash,135032
275063,U1135,4,2258,cash,135042
487733,U1135,4,1861,cash,135060
257179,U1048,5,2945,cash,135049
214648,U1048,5,5477,cash,135026
128461,U1048,10,,cash,135034
312880,U1048,6,5419,cash,135048
309073,U1048,4,3214,bank_debit_cards,135065
466015,U1048,8,,cash,132755
171448,U1048,10,,cash,132723
358682,U1062,8,,cash,135085
364690,U1062,3,1979,cash,135053
536663,U1092,10,,cash,135071
491566,U1062,7,4339,cash,132825
163284,U1092,10,,cash,135085
420758,U1062,5,2822,cash,135052
397681,U1092,4,4932,cash,135046
219840,U1062,10,,cash,135062
341604,U1092,6,1564,cash,132572
286138,U1062,6,3706,VISA,135038
412344,U1062,10,,bank_debit_cards,135045
364283,U1092,6,3257,cash,135025
247244,U1062,9,,cash,132834
218841,U1092,8,,cash,132723
206435,U1051,4,3704,cash,134996
544382,U1013,9,,cash,132875
254774,U1085,7,2089,cash,135043
383719,U1085,10,,American_Express,132885
219184,U1085,6,3577,VISA,135050
243043,U1085,5,1929,cash,135076
392368,U1085,9,,cash,135081
363442,U1109,5,2473,cash,135028
163751,U1109,6,1771,cash,132856
180372,U1085,3,5584,cash,135042
153950,U1085,3,1943,cash,135059
323692,U1109,7,3424,VISA,132825
165189,U1085,10,,cash,132872
414078,U1085,4,3198,cash,135055
443232,U1109,4,3192,cash,135032
374281,U1085,5,1638,bank_debit_cards,132825
471582,U1109,6,1616,cash,135063
375456,U1109,9,,bank_debit_cards,135042
515797,U1109,8,,bank_debit_cards,135058
184428,U1109,4,4194,cash,135085
537238,U1109,5,4652,cash,135038
512602,U1109,5,1507,cash,132872
251473,U1078,3,1628,cash,135081
450141,U1078,7,4279,cash,135060
532324,U1078,8,,cash,135106
539612,U1078,4,5487,cash,135041
229523,U1078,6,4390,cash,132834
128418,U1078,5,4898,bank_debit_cards,135052
341316,U1019,9,,MasterCard-Eurocard,135079
235604,U1102,6,3550,cash,132846
434911,U1098,3,3842,cash,132885
151182,U1098,8,,cash,135060
323152,U1098,4,3057,cash,132856
215990,U1046,9,,cash,135026
275409,U1122,4,1850,VISA,135066
177709,U1122,4,4353,cash,135065
340295,U1122,8,,cash,132872
392873,U1122,3,5545,cash,135058
230756,U1122,6,4406,bank_debit_cards,132834
186604,U1122,3,4910,cash,132754
118017,U1122,5,4357,cash,135079
280381,U1122,4,4242,cash,135038
464787,U1122,6,2993,cash,135085
158014,U1122,5,5057,bank_debit_cards,135030
430158,U1122,6,3215,cash,135064
372234,U1122,10,,cash,135053
130786,U1138,4,5133,cash,132921
242692,U1138,7,2333,cash,132922
399302,U1138,10,,cash,132925
252511,U1013,4,5182,American_Express,132921
308118,U1098,10,,cash,135085
401078,U1098,6,3384,cash,132825
191634,U1098,10,,cash,135079
376705,U1098,8,,cash,135032
412207,U1098,5,5107,VISA,135038
269027,U1098,8,,cash,132861
228396,U1098,10,,cash,135046
355248,U1098,3,1651,cash,132862
393923,U1098,5,2925,cash,132921
285225,U1034,8,,cash,132884
204540,U1034,6,2564,bank_debit_cards,135055
394160,U1034,3,3729,cash,135035
355429,U1033,8,,American_Express,135065
250630,U1033,6,4472,VISA,135028
532318,U1033,9,,bank_debit_cards,135085
487870,U1033,3,2811,cash,135046
205579,U1033,5,3049,VISA,135045
439101,U1033,7,3242,bank_debit_cards,132951
518124,U1033,7,3158,cash,132572
133340,U1033,4,2294,MasterCard-Eurocard,132921
439367,U1033,5,2554,cash,135075
380644,U1033,8,,cash,135038
403193,U1033,3,1969,cash,135030
139820,U1089,6,2910,cash,135058
120269,U1089,5,2845,cash,135064
206558,U1089,6,3604,cash,135028
481659,U1089,10,,VISA,132951
457824,U1003,5,1829,cash,135064
460639,U1089,3,2164,cash,132921
107885,U1003,9,,cash,132825
275326,U1089,6,1912,cash,132754
189929,U1003,3,4109,cash,135075
462734,U1089,8,,cash,135026
345834,U1003,3,3747,cash,132862
448741,U1089,9,,VISA,132872
432862,U1089,4,3253,cash,135085
137208,U1003,9,,cash,135041
181259,U1089,4,5428,cash,135072
317013,U1089,3,2329,cash,132834
281523,U1003,7,5303,bank_debit_cards,132937
152337,U1089,3,3328,VISA,132875
504077,U1089,10,,cash,135038
426796,U1003,10,,cash,132922
365281,U1091,10,,cash,132825
174004,U1091,9,,cash,135075
140687,U1089,10,,cash,135079
447277,U1003,9,,bank_debit_cards,132723
295157,U1091,9,,cash,132861
301621,U1003,3,1933,cash,132755
236209,U1091,5,3509,MasterCard-Eurocard,132875
197169,U1003,9,,cash,135080
274527,U1091,9,,cash,135086
116953,U1003,6,3081,cash,135079
266918,U1027,4,4601,bank_debit_cards,135066
230143,U1091,4,5110,cash,135080
267434,U1027,6,1575,cash,132921
501476,U1091,10,,bank_debit_cards,132572
526806,U1027,9,,cash,135052
200335,U1091,6,3457,cash,132884
129624,U1091,5,5185,VISA,135035
294332,U1027,7,2566,cash,132937
420594,U1027,9,,bank_debit_cards,132951
253320,U1027,7,5453,VISA,132925
427396,U1027,4,3533,cash,132872
238544,U1027,9,,bank_debit_cards,132875
192683,U1027,7,2133,VISA,135085
379476,U1027,4,5100,bank_debit_cards,135042
115479,U1027,3,5068,cash,135062
308103,U1029,3,4993,cash,135047
515322,U1029,9,,cash,135059
327216,U1029,4,4401,cash,132937
294086,U1029,3,5275,cash,135085
232556,U1029,7,1884,cash,132834
452958,U1029,5,5584,cash,132754
464598,U1029,7,3508,cash,132825
145602,U1029,8,,VISA,132921
189756,U1029,5,3806,bank_debit_cards,132862
513188,U1029,5,4931,cash,132922
275513,U1086,9,,cash,135063
233439,U1086,5,5587,cash,132921
242025,U1086,5,5455,cash,135085
212007,U1086,9,,cash,132922
395136,U1086,6,3731,cash,132937
230495,U1086,6,5435,American_Express,135045
344781,U1086,4,3832,VISA,135041
433573,U1086,6,4648,cash,135060
474195,U1086,8,,cash,132951
527735,U1019,6,3168,cash,132921
394489,U1019,9,,cash,132834
269839,U1137,8,,cash,132951
225680,U1019,10,,cash,135062
176298,U1019,4,5462,VISA,135086
355682,U1137,8,,cash,135085
397666,U1137,10,,cash,132834
190244,U1090,10,,cash,132572
390428,U1137,3,1558,cash,132862
452585,U1137,7,4439,bank_debit_cards,135058
199571,U1137,9,,VISA,135059
204676,U1137,3,3700,cash,135062
522015,U1137,5,1924,cash,132825
229517,U1137,6,2682,bank_debit_cards,132723
299404,U1137,7,3717,cash,132755
323088,U1137,6,5127,bank_debit_cards,135042
193894,U1137,7,3225,cash,132884
524426,U1137,8,,VISA,135049
395504,U1137,8,,cash,135075
503020,U1114,7,2011,MasterCard-Eurocard,132825
214156,U1114,6,2273,cash,135065
313289,U1114,4,3804,cash,135058
208499,U1114,7,3894,cash,132723
517088,U1114,7,4203,cash,132951
341490,U1114,6,2246,VISA,132872
214568,U1114,4,2178,cash,132834
236557,U1114,5,3059,cash,135072
397228,U1114,10,,cash,132754
250349,U1114,6,3868,cash,132755
353007,U1061,4,3785,bank_debit_cards,132825
416665,U1061,6,3596,VISA,135048
108807,U1061,3,3932,bank_debit_cards,132921
191244,U1061,6,3909,cash,135026
483015,U1061,10,,cash,132723
464874,U1061,8,,cash,135075
389182,U1061,9,,cash,135034
416442,U1061,5,2627,cash,135041
157077,U1013,9,,bank_debit_cards,132572
346856,U1013,6,3522,cash,135075
266672,U1061,8,,cash,135046
119950,U1061,4,5431,cash,132572
491356,U1061,4,1527,cash,135058
242065,U1046,9,,cash,135044
121739,U1046,9,,cash,135065
368033,U1046,7,2443,cash,132921
345812,U1046,4,4192,cash,135085
382896,U1046,3,3490,cash,132572
414276,U1046,6,4050,bank_debit_cards,135058
504439,U1046,8,,cash,132951
533081,U1046,6,4001,cash,132861
329317,U1041,7,3074,cash,135001
203645,U1041,8,,cash,134983
509642,U1041,3,3607,cash,135021
359145,U1041,6,2971,cash,134992
410396,U1041,6,2457,cash,132768
500579,U1041,9,,cash,135109
172147,U1004,7,1826,cash,132954
460208,U1004,6,1556,cash,132955
525984,U1004,4,3626,bank_debit_cards,132958
362071,U1003,9,,cash,132754
363569,U1059,10,,cash,135064
468836,U1059,4,4912,cash,135075
176471,U1059,10,,cash,135028
122452,U1061,6,4966,cash,132834
108833,U1061,4,2797,cash,135086
398994,U1061,10,,cash,132754
251181,U1061,8,,cash,135080
290786,U1090,4,3303,bank_debit_cards,135062
153333,U1090,10,,cash,135052
479912,U1112,10,,cash,135047
362244,U1112,6,1968,cash,135026
309868,U1112,3,2113,cash,135064
225635,U1090,8,,cash,132862
322724,U1057,6,5288,cash,135070
481237,U1112,9,,cash,132954
402178,U1057,5,1759,cash,135043
503245,U1112,5,5416,cash,135079
503073,U1112,10,,bank_debit_cards,135062
425448,U1090,10,,cash,135051
209821,U1090,5,2561,cash,132954
373210,U1112,5,5103,cash,135048
318264,U1057,7,2907,cash,132954
452795,U1112,10,,cash,135086
483845,U1061,4,1562,cash,132955
199719,U1112,10,,cash,132921
500741,U1061,10,,cash,132958
152721,U1112,3,3193,cash,135046
211687,U1090,3,5182,cash,135085
123207,U1112,10,,cash,132572
499714,U1090,7,4659,VISA,132922
115926,U1025,4,2914,bank_debit_cards,132866
449254,U1057,10,,cash,135080
535944,U1112,4,2232,cash,132834
237126,U1057,8,,cash,132825
293837,U1112,10,,cash,132862
164234,U1061,3,3026,cash,132954
347794,U1025,8,,cash,132877
121828,U1057,8,,American_Express,135064
519572,U1057,3,1982,VISA,135046
244087,U1090,10,,cash,135025
504208,U1090,10,,cash,132925
241420,U1057,4,5303,cash,132862
128783,U1057,7,4453,cash,135075
469318,U1025,7,5335,cash,132847
235826,U1057,10,,cash,135030
142826,U1025,5,1714,VISA,135071
224546,U1057,9,,cash,132834
402724,U1025,3,2106,cash,132958
316565,U1025,8,,cash,132825
526739,U1025,10,,bank_debit_cards,135028
356779,U1025,5,3420,cash,135047
386554,U1025,10,,bank_debit_cards,132846
444663,U1025,9,,bank_debit_cards,135064
462948,U1025,6,2723,VISA,132830
115078,U1097,5,4134,bank_debit_cards,135079
312782,U1097,6,1559,cash,135058
364131,U1097,10,,cash,132954
304841,U1097,10,,cash,132958
481154,U1097,10,,cash,135026
503280,U1059,7,3237,cash,132955
150849,U1059,8,,cash,135044
243942,U1059,6,5323,cash,132862
482068,U1059,9,,cash,135085
235608,U1059,6,4711,VISA,135030
453960,U1128,9,,bank_debit_cards,135053
476434,U1059,3,2558,cash,132825
421598,U1059,8,,cash,132754
124622,U1128,9,,cash,135058
336793,U1128,7,5425,cash,132875
121963,U1128,6,1835,cash,135079
469811,U1128,5,5108,cash,132925
449644,U1128,8,,American_Express,135064
311194,U1128,5,2320,VISA,132921
208057,U1128,5,3997,cash,135060
370000,U1128,4,5099,cash,132954
219229,U1128,8,,cash,132951
201186,U1097,10,,cash,132921
439599,U1097,3,3048,cash,132955
500767,U1097,3,2621,cash,132884
476012,U1097,9,,VISA,135049
227032,U1097,4,3621,cash,135034
467196,U1006,6,1621,cash,132954
466325,U1006,8,,cash,135079
199218,U1006,10,,cash,132875
122019,U1006,5,3859,bank_debit_cards,135026
370728,U1006,4,5436,VISA,132922
111376,U1006,7,4477,cash,132572
107001,U1006,7,5097,cash,135075
435286,U1006,8,,bank_debit_cards,132825
165224,U1006,10,,cash,135048
520402,U1006,8,,bank_debit_cards,135030
501294,U1006,6,4314,cash,132884
166291,U1131,9,,VISA,135054
142417,U1131,3,2312,cash,132869
112797,U1131,3,4927,MasterCard-Eurocard,132866
220222,U1131,9,,cash,135082
250915,U1131,8,,cash,132851
121084,U1131,6,3903,cash,132870
503941,U1073,5,4651,cash,135062
202866,U1073,7,2737,VISA,132572
537609,U1073,6,2817,cash,135064
427581,U1073,10,,cash,135080
467709,U1073,8,,cash,132951
413075,U1073,5,2113,cash,132954
310246,U1073,5,5129,bank_debit_cards,135052
383895,U1073,6,3782,VISA,132834
158291,U1073,3,1797,bank_debit_cards,135060
150401,U1073,8,,cash,135065
356919,U1073,5,1896,cash,132862
481747,U1049,3,2483,cash,132921
179044,U1049,10,,cash,135042
425718,U1049,10,,cash,135032
272080,U1049,4,2878,bank_debit_cards,135051
518494,U1049,3,4265,cash,135085
280615,U1049,9,,cash,132862
394106,U1049,4,5456,cash,135052
435149,U1058,7,4801,cash,135076
391000,U1058,7,2196,cash,135043
284656,U1058,5,2845,cash,135058
160706,U1058,8,,cash,135053
156295,U1058,10,,cash,132885
301895,U1058,5,5263,cash,135050
362998,U1058,6,4346,bank_debit_cards,132872
135699,U1058,10,,cash,135066
359175,U1002,7,4892,cash,132921
161006,U1002,5,2311,cash,135062
269015,U1002,5,4968,cash,135106
429744,U1002,9,,cash,132825
461697,U1002,5,4206,cash,135052
254349,U1002,6,4448,cash,132862
431843,U1096,3,3017,cash,132875
233519,U1002,6,1788,cash,135059
120466,U1002,9,,cash,135041
295455,U1002,8,,bank_debit_cards,132925
354505,U1002,4,4848,cash,135085
339586,U1096,4,1688,cash,135025
165265,U1096,10,,cash,135072
120136,U1096,7,3190,cash,135064
246978,U1096,7,2725,cash,135086
481602,U1096,6,4492,cash,135055
225644,U1136,10,,cash,135074
330776,U1096,5,1766,cash,135026
263714,U1136,5,3275,bank_debit_cards,132862
288319,U1096,8,,cash,132955
228348,U1136,3,5333,cash,132921
246049,U1136,3,1854,cash,135072
176774,U1096,8,,cash,132723
355910,U1136,7,3371,cash,135055
336866,U1136,4,4094,cash,135064
530743,U1096,6,2906,cash,132958
132259,U1096,4,3052,cash,135075
422465,U1136,3,4406,cash,132958
430354,U1136,8,,bank_debit_cards,135048
435342,U1136,4,5154,cash,135046
462523,U1136,9,,cash,135028
120888,U1097,5,3889,cash,135086
123081,U1097,10,,cash,135053
356367,U1097,6,3079,cash,132861
263574,U1058,9,,cash,135062
522449,U1058,9,,cash,135055
407077,U1010,10,,cash,135053
377029,U1010,7,2840,cash,135058
276452,U1010,9,,cash,135079
274918,U1003,6,4849,cash,135059
173274,U1010,4,4374,VISA,135064
256894,U1010,8,,bank_debit_cards,135047
355424,U1010,9,,cash,135065
498646,U1102,9,,cash,132854
537318,U1102,7,4358,cash,132858
507128,U1010,5,4626,cash,135042
156095,U1102,10,,cash,132870
112284,U1010,10,,cash,135076
410133,U1102,5,2929,American_Express,132847
308435,U1013,9,,VISA,132951
117410,U1013,10,,cash,135060
451290,U1028,8,,cash,132732
407239,U1028,9,,cash,132733
205678,U1028,8,,cash,135104
489331,U1050,8,,cash,132732
435696,U1050,5,2187,cash,132609
232148,U1050,9,,VISA,132608
430424,U1050,8,,cash,132560
360300,U1050,9,,cash,132740
203862,U1050,5,1803,cash,132594
419370,U1050,6,5124,bank_debit_cards,132584
467382,U1028,8,,cash,132740
273837,U1129,7,5523,bank_debit_cards,132706
414669,U1129,3,2400,cash,132654
242667,U1028,9,,VISA,132630
336274,U1028,4,1891,cash,132663
198183,U1028,5,4738,MasterCard-Eurocard,132613
392692,U1087,7,3923,cash,132667
252512,U1087,4,2308,cash,135104
443238,U1087,5,4376,cash,132660
286365,U1087,10,,cash,132732
257645,U1087,3,1660,VISA,132740
190901,U1087,4,3554,cash,132560
315198,U1087,8,,cash,132594
405261,U1087,3,4945,cash,132663
434154,U1065,3,2229,cash,132626
538638,U1065,7,2101,bank_debit_cards,132706
294422,U1129,3,3920,VISA,132561
178038,U1065,7,2064,bank_debit_cards,132665
467824,U1129,8,,cash,132665
489573,U1065,6,3612,cash,132561
392679,U1039,4,3981,cash,132626
282003,U1039,7,1988,cash,132564
537352,U1065,6,3847,cash,132654
144427,U1039,9,,bank_debit_cards,132665
383027,U1130,3,1654,cash,132654
183392,U1130,9,,cash,132561
388123,U1130,6,3296,cash,132626
107072,U1130,7,1501,cash,132706
419458,U1043,5,3722,bank_debit_cards,132608
105236,U1043,9,,cash,132609
128298,U1011,3,4622,cash,132717
328875,U1043,7,2001,cash,132613
323450,U1011,6,3297,cash,132564
499350,U1043,10,,cash,132732
367512,U1043,6,2319,cash,132630
297673,U1011,5,4675,cash,132715
392609,U1068,4,5447,cash,132733
538577,U1068,7,3960,VISA,132594
222894,U1068,3,2281,cash,132660
