Order ID,UserID,Order Quantity,Billing Amount,Upayment,PlaceID
285850,U1063,7,16782,VISA,132667
192605,U1031,4,16779,Cash,132663
134802,U1108,8,16722,Cash,132572
468226,U1103,8,16608,Cash,132630
244731,U1082,7,16566,Cash,132732
194113,U1133,7,16509,Cash,135001
398540,U1026,10,16500,Cash,132654
359787,U1023,8,16497,Cash,132733
421678,U1030,8,16467,Cash,134996
169740,U1067,9,16455,Cash,132584
287768,U1021,7,16392,Cash,132715
300595,U1044,8,16389,Cash,135088
237224,U1023,10,16341,American_Express,132715
325454,U1031,6,16248,Cash,132668
323129,U1023,5,16230,Cash,132740
429194,U1020,3,16203,Cash,132768
488563,U1093,6,16158,Cash,134999
229988,U1117,10,16086,Cash,132766
479915,U1093,7,16065,Cash,135019
296532,U1031,5,16011,Cash,132665
281739,U1067,9,16002,MasterCard-Eurocard,132560
402132,U1123,4,15942,American_Express,132733
265473,U1108,3,15831,Cash,135074
315294,U1082,9,15699,Cash,132613
359679,U1100,5,15699,VISA,132768
246796,U1082,9,15684,Cash,132560
285543,U1117,7,15681,Bank_debit_cards,132773
173058,U1017,10,15642,Cash,134983
343513,U1118,7,15642,Cash,135001
406011,U1100,10,15627,Cash,135000
138727,U1063,9,15609,Cash,132584
145086,U1133,10,15600,Cash,132766
245715,U1068,8,15585,Cash,132663
223036,U1108,7,15504,Cash,132723
120922,U1080,3,15471,MasterCard-Eurocard,132715
200930,U1012,8,15297,Bank_debit_cards,134983
312071,U1108,3,15219,Cash,135028
153758,U1020,10,14868,Bank_debit_cards,135088
330334,U1072,8,14793,Cash,132773
398329,U1117,9,14715,VISA,135000
393660,U1051,5,14664,Cash,135088
105528,U1108,5,14628,Cash,135032
527402,U1080,8,14412,Cash,132608
257187,U1077,6,14382,Cash,135060
287036,U1083,9,14283,Cash,135074
119806,U1123,9,14265,VISA,132667
185115,U1103,8,14229,Cash,132667
417272,U1093,7,14142,Cash,134996
159369,U1067,4,14058,Cash,132733
454332,U1060,8,14004,Bank_debit_cards,132740
312942,U1103,9,13983,VISA,135104
123102,U1103,9,13980,Cash,132663
357268,U1108,5,13881,Cash,135075
528574,U1093,6,13857,Cash,135011
156440,U1060,6,13788,Cash,132717
150531,U1083,8,13770,Cash,135072
483460,U1055,5,13755,Cash,135106
495705,U1012,9,13572,MasterCard-Eurocard,134986
380136,U1123,10,13494,Bank_debit_cards,132740
378725,U1080,10,13389,VISA,132660
425894,U1077,9,13347,Cash,135085
523925,U1083,5,13305,Cash,135034
293401,U1020,8,13146,Cash,134996
377186,U1103,9,13134,Cash,132613
194778,U1063,7,12957,Bank_debit_cards,132609
375615,U1100,6,12807,Cash,135001
270792,U1083,3,12777,Cash,132572
518936,U1044,6,12672,Cash,132583
466329,U1060,5,12669,Cash,132733
414381,U1108,7,12651,Cash,135058
463351,U1066,10,12489,Cash,135013
336253,U1021,9,12465,Cash,132740
219856,U1118,3,12336,Cash,134987
134482,U1030,10,12291,Bank_debit_cards,135018
356236,U1103,9,12276,Cash,132732
292343,U1118,10,12243,Cash,134983
149452,U1127,8,12186,Bank_debit_cards,134996
471790,U1093,6,12117,Cash,135001
310206,U1107,10,12057,Bank_debit_cards,132584
153072,U1123,3,11892,MasterCard-Eurocard,132594
121331,U1103,5,11880,Cash,132584
340071,U1123,6,11865,VISA,132608
423724,U1133,5,11757,Cash,132767
402179,U1030,9,11658,Cash,135088
141072,U1080,5,11643,Bank_debit_cards,132668
503874,U1082,9,11571,Cash,132733
419365,U1082,10,11493,VISA,132609
176453,U1072,4,11442,Cash,135016
239238,U1108,3,11424,VISA,135086
417262,U1093,3,11400,Cash,132767
453947,U1107,6,11262,Cash,132660
391511,U1083,6,11256,Cash,132755
141574,U1044,4,11001,Cash,134987
467478,U1133,7,10866,American_Express,134975
311210,U1118,8,10758,Bank_debit_cards,132583
111835,U1055,9,10647,Cash,132572
238213,U1030,3,10641,Cash,135109
418518,U1117,9,10449,Cash,135018
406583,U1068,10,10419,Cash,132732
331716,U1026,7,10401,VISA,132706
251491,U1066,10,10389,Cash,132767
153855,U1066,4,10383,Bank_debit_cards,135019
228956,U1123,4,10377,Cash,132613
538499,U1077,8,10266,Cash,132825
326683,U1068,6,10185,Cash,132740
465670,U1133,3,10035,Cash,135019
314362,U1117,9,9855,Cash,135088
422520,U1026,4,9810,Cash,132665
531001,U1127,5,9783,Bank_debit_cards,134975
322010,U1017,8,9774,VISA,132768
252888,U1070,5,9753,Bank_debit_cards,132609
242037,U1055,6,9657,Cash,135075
266230,U1026,4,9573,Cash,132626
204115,U1093,9,9462,Cash,135013
395766,U1118,4,9447,Cash,134992
167543,U1082,7,9381,Cash,132630
499949,U1133,9,9303,Cash,134986
132050,U1066,3,9183,Cash,134999
198094,U1083,8,8982,Cash,135049
474180,U1074,10,8940,Cash,134987
340068,U1063,9,8925,Bank_debit_cards,132660
380522,U1021,8,8667,Cash,132668
271811,U1133,10,8511,Cash,135021
306483,U1127,3,8328,VISA,135021
415084,U1107,7,8292,Cash,132733
318077,U1100,4,8211,Cash,135021
435525,U1118,9,8142,Cash,132768
260986,U1080,5,7977,Cash,132733
132925,U1030,9,7950,Bank_debit_cards,135016
445858,U1066,8,7752,VISA,135011
505262,U1072,3,7737,Cash,135088
219985,U1077,4,7722,Cash,135038
289923,U1026,6,7710,Cash,132561
417941,U1012,7,7650,Cash,135018
281554,U1083,9,7611,Cash,135046
298928,U1080,10,7461,Cash,132564
114709,U1108,7,7437,Cash,135085
296419,U1127,9,7272,Cash,134987
540082,U1074,6,7263,VISA,134976
339537,U1055,5,7224,Cash,135025
410084,U1082,6,7158,Cash,132663
467943,U1100,6,7098,Bank_debit_cards,134976
476037,U1063,8,7059,Cash,135104
249453,U1051,5,7035,Cash,135109
116261,U1067,8,6996,Cash,132630
468781,U1108,9,6972,Cash,135046
216888,U1117,6,6954,Cash,135016
275490,U1123,5,6936,Bank_debit_cards,135104
394190,U1083,9,6633,VISA,132723
328867,U1030,5,6582,Bank_debit_cards,135019
111137,U1055,3,6525,Bank_debit_cards,135028
218481,U1012,10,6387,VISA,134996
140417,U1015,8,6378,Cash,135071
221708,U1068,5,6315,Cash,132630
137744,U1067,5,6273,Bank_debit_cards,135104
369063,U1103,10,6270,Cash,132733
325073,U1055,10,6213,Cash,135051
507030,U1093,8,5928,Cash,134976
540629,U1030,5,5880,Cash,132767
420558,U1017,4,5862,Cash,134975
189684,U1082,3,5754,Cash,132608
111264,U1070,9,5751,Cash,132608
420538,U1023,8,5676,Cash,132717
294619,U1133,7,5664,VISA,134992
290648,U1133,9,5637,Cash,134983
227023,U1123,7,5631,Cash,132584
415214,U1052,3,5598,Cash,132866
233439,U1086,5,5587,Cash,132921
180372,U1085,3,5584,Cash,135042
452958,U1029,5,5584,Cash,132754
535919,U1013,5,5578,Cash,135076
392873,U1122,3,5545,Cash,135058
390957,U1060,6,5541,Cash,132564
273837,U1129,7,5523,Bank_debit_cards,132706
418249,U1070,4,5520,Cash,132613
544062,U1118,4,5517,Cash,135021
211978,U1088,7,5514,VISA,135081
539612,U1078,4,5487,Cash,135041
214648,U1048,5,5477,Cash,135026
218293,U1125,6,5471,VISA,135066
268373,U1120,4,5463,Cash,135057
139986,U1094,6,5462,Cash,135082
176298,U1019,4,5462,VISA,135086
394106,U1049,4,5456,Cash,135052
242025,U1086,5,5455,Cash,135085
253320,U1027,7,5453,VISA,132925
392609,U1068,4,5447,Cash,132733
519110,U1067,9,5439,Cash,132732
381217,U1005,3,5437,Cash,135050
543811,U1100,4,5436,Cash,134996
370728,U1006,4,5436,VISA,132922
230495,U1086,6,5435,American_Express,135045
423636,U1095,5,5432,VISA,132861
119950,U1061,4,5431,Cash,132572
181259,U1089,4,5428,Cash,135072
336793,U1128,7,5425,Cash,132875
133555,U1009,4,5420,Cash,132825
312880,U1048,6,5419,Cash,135048
503245,U1112,5,5416,Cash,135079
359716,U1008,6,5407,MasterCard-Eurocard,132854
331207,U1125,5,5406,Cash,135076
426981,U1009,6,5406,Cash,135038
357190,U1062,7,5396,Bank_debit_cards,132872
544251,U1036,5,5394,Cash,135085
420220,U1135,5,5378,Cash,132825
223696,U1120,7,5374,Cash,132846
475540,U1071,7,5372,VISA,132856
518078,U1126,7,5348,Bank_debit_cards,135041
272512,U1121,3,5344,Cash,135019
469318,U1025,7,5335,Cash,132847
228348,U1136,3,5333,Cash,132921
436240,U1088,6,5331,Cash,135070
243942,U1059,6,5323,Cash,132862
498947,U1116,4,5318,VISA,135025
281523,U1003,7,5303,Bank_debit_cards,132937
241420,U1057,4,5303,Cash,132862
322724,U1057,6,5288,Cash,135070
464383,U1053,3,5286,Cash,132825
321090,U1124,5,5278,Cash,135039
294086,U1029,3,5275,Cash,135085
301895,U1058,5,5263,Cash,135050
493902,U1116,4,5262,Cash,135085
326141,U1022,4,5261,Cash,135081
331645,U1022,7,5254,Cash,135025
484793,U1020,7,5247,Cash,135109
168933,U1024,4,5245,Cash,132834
189811,U1045,6,5238,Cash,132856
131507,U1111,6,5228,Cash,132870
214676,U1119,5,5220,Cash,135001
504402,U1064,6,5188,Cash,135057
440563,U1022,6,5187,Bank_debit_cards,135062
383403,U1069,6,5185,Cash,132847
129624,U1091,5,5185,VISA,135035
252511,U1013,4,5182,American_Express,132921
211687,U1090,3,5182,Cash,135085
487598,U1068,6,5181,Bank_debit_cards,135104
433900,U1012,6,5166,Cash,135001
435342,U1136,4,5154,Cash,135046
169743,U1051,3,5142,Cash,132768
130786,U1138,4,5133,Cash,132921
310246,U1073,5,5129,Bank_debit_cards,135052
323088,U1137,6,5127,Bank_debit_cards,135042
419370,U1050,6,5124,Bank_debit_cards,132584
215400,U1055,3,5123,Cash,135047
230143,U1091,4,5110,Cash,135080
469811,U1128,5,5108,Cash,132925
412207,U1098,5,5107,VISA,135038
373210,U1112,5,5103,Cash,135048
379476,U1027,4,5100,Bank_debit_cards,135042
370000,U1128,4,5099,Cash,132954
195670,U1075,6,5097,Cash,135081
107001,U1006,7,5097,Cash,135075
500093,U1074,3,5088,Cash,135011
516098,U1024,4,5087,Bank_debit_cards,135073
289326,U1069,3,5080,Cash,135070
346126,U1125,6,5078,Cash,135032
177722,U1016,7,5075,Cash,135062
302138,U1125,3,5072,Cash,135062
427149,U1015,6,5070,Cash,135054
115479,U1027,3,5068,Cash,135062
142863,U1134,6,5057,Cash,135074
158014,U1122,5,5057,Bank_debit_cards,135030
539300,U1099,4,5052,Cash,135038
114730,U1134,3,5026,Cash,132754
188798,U1004,4,5010,Cash,135062
532193,U1007,4,5007,Cash,135038
375130,U1104,4,5002,Cash,135047
398020,U1018,7,4997,Cash,135066
144406,U1106,5,4993,Cash,135041
308103,U1029,3,4993,Cash,135047
300127,U1132,6,4986,Cash,135027
155935,U1042,6,4984,Cash,134996
269015,U1002,5,4968,Cash,135106
122452,U1061,6,4966,Cash,132834
327256,U1040,4,4961,Cash,132773
357032,U1001,5,4953,Cash,135051
496642,U1088,6,4947,Cash,135051
405261,U1087,3,4945,Cash,132663
371607,U1126,4,4939,Cash,135069
397681,U1092,4,4932,Cash,135046
513188,U1029,5,4931,Cash,132922
112797,U1131,3,4927,MasterCard-Eurocard,132866
468836,U1059,4,4912,Cash,135075
185145,U1001,7,4910,Cash,135040
186604,U1122,3,4910,Cash,132754
423707,U1135,7,4905,Cash,135063
128418,U1078,5,4898,Bank_debit_cards,135052
359175,U1002,7,4892,Cash,132921
256331,U1064,7,4877,Cash,135052
489217,U1071,3,4868,Cash,135060
274918,U1003,6,4849,Cash,135059
190314,U1045,6,4848,Cash,132834
354505,U1002,4,4848,Cash,135085
234308,U1019,7,4832,Cash,135076
528685,U1035,6,4831,Cash,135018
509004,U1101,4,4820,Cash,135051
212751,U1111,5,4802,Cash,132877
435149,U1058,7,4801,Cash,135076
219801,U1088,4,4795,Cash,135041
391938,U1036,3,4780,Cash,135064
464462,U1052,3,4775,MasterCard-Eurocard,132869
130609,U1104,4,4763,Cash,135033
325737,U1037,6,4749,MasterCard-Eurocard,132851
198183,U1028,5,4738,MasterCard-Eurocard,132613
379395,U1125,6,4716,Bank_debit_cards,135042
347104,U1045,4,4713,Cash,132825
235608,U1059,6,4711,VISA,135030
379903,U1125,4,4701,Cash,135050
304916,U1099,6,4688,Bank_debit_cards,132856
297673,U1011,5,4675,Cash,132715
277872,U1116,6,4668,Cash,135047
321419,U1113,6,4668,Cash,135046
248086,U1056,4,4667,Bank_debit_cards,132825
499714,U1090,7,4659,VISA,132922
537238,U1109,5,4652,Cash,135038
503941,U1073,5,4651,Cash,135062
433573,U1086,6,4648,Cash,135060
240659,U1024,7,4645,Cash,135030
204092,U1116,6,4640,Cash,135059
414368,U1116,3,4637,Cash,135027
187078,U1081,7,4626,Cash,132825
507128,U1010,5,4626,Cash,135042
392820,U1105,3,4624,MasterCard-Eurocard,135069
128298,U1011,3,4622,Cash,132717
266918,U1027,4,4601,Bank_debit_cards,135066
202792,U1030,10,4584,Cash,134986
527906,U1115,6,4580,American_Express,135057
203133,U1015,3,4567,Cash,132870
180772,U1038,3,4528,Cash,132858
334902,U1018,3,4527,Cash,135057
488523,U1082,9,4524,Cash,132594
127355,U1035,3,4501,Bank_debit_cards,134986
481602,U1096,6,4492,Cash,135055
111376,U1006,7,4477,Cash,132572
250630,U1033,6,4472,VISA,135028
329128,U1013,7,4466,Cash,135079
493905,U1081,7,4456,Cash,135032
128783,U1057,7,4453,Cash,135075
126630,U1081,3,4452,VISA,135052
454592,U1134,6,4449,Cash,135080
254349,U1002,6,4448,Cash,132862
460773,U1071,7,4445,Cash,135028
452585,U1137,7,4439,Bank_debit_cards,135058
448240,U1115,3,4434,Cash,135108
500123,U1042,6,4433,Cash,134986
278561,U1036,6,4432,VISA,135059
277964,U1101,4,4425,Cash,135041
536447,U1132,6,4407,VISA,135062
230756,U1122,6,4406,Bank_debit_cards,132834
422465,U1136,3,4406,Cash,132958
327216,U1029,4,4401,Cash,132937
163826,U1032,7,4398,Cash,135038
169794,U1125,5,4397,Cash,135081
229523,U1078,6,4390,Cash,132834
443238,U1087,5,4376,Cash,132660
514587,U1069,4,4374,Cash,132845
173274,U1010,4,4374,VISA,135064
537318,U1102,7,4358,Cash,132858
118017,U1122,5,4357,Cash,135079
177709,U1122,4,4353,Cash,135065
431253,U1005,6,4351,VISA,135076
362998,U1058,6,4346,Bank_debit_cards,132872
239808,U1125,6,4340,Cash,135060
491566,U1062,7,4339,Cash,132825
274705,U1004,5,4336,Cash,135028
419051,U1014,7,4326,Bank_debit_cards,135066
501294,U1006,6,4314,Cash,132884
512009,U1115,4,4287,Cash,135082
450141,U1078,7,4279,Cash,135060
360480,U1045,4,4272,Cash,135052
518494,U1049,3,4265,Cash,135085
407641,U1053,5,4252,Cash,135063
175291,U1049,3,4243,Cash,132825
337137,U1076,4,4242,Cash,135073
280381,U1122,4,4242,Cash,135038
484500,U1116,5,4241,Cash,135030
323964,U1016,5,4231,Cash,135032
243621,U1076,4,4215,Cash,135038
496126,U1106,6,4207,Cash,135032
461697,U1002,5,4206,Cash,135052
517088,U1114,7,4203,Cash,132951
158318,U1081,4,4202,Cash,135076
184428,U1109,4,4194,Cash,135085
383520,U1094,6,4192,Cash,135070
345812,U1046,4,4192,Cash,135085
115078,U1097,5,4134,Bank_debit_cards,135079
189929,U1003,3,4109,Cash,135075
471151,U1124,7,4094,Cash,135069
336866,U1136,4,4094,Cash,135064
539690,U1014,7,4084,Cash,135043
539029,U1104,7,4067,Bank_debit_cards,135025
430155,U1036,4,4061,Bank_debit_cards,135052
490078,U1124,7,4058,Cash,135081
355879,U1009,7,4053,Cash,132754
414276,U1046,6,4050,Bank_debit_cards,135058
527813,U1106,6,4027,Cash,135047
209248,U1024,7,4019,Cash,135051
533081,U1046,6,4001,Cash,132861
341859,U1099,4,3998,Cash,135043
208057,U1128,5,3997,Cash,135060
190618,U1019,6,3994,Cash,135038
383415,U1135,7,3992,Bank_debit_cards,132856
392679,U1039,4,3981,Cash,132626
482540,U1105,5,3970,Bank_debit_cards,135057
247860,U1018,7,3968,Cash,135082
538577,U1068,7,3960,VISA,132594
108807,U1061,3,3932,Bank_debit_cards,132921
392692,U1087,7,3923,Cash,132667
294422,U1129,3,3920,VISA,132561
441987,U1075,5,3919,Cash,135050
237184,U1126,5,3909,Cash,135052
191244,U1061,6,3909,Cash,135026
121084,U1131,6,3903,Cash,132870
168471,U1101,5,3894,Cash,135106
208499,U1114,7,3894,Cash,132723
120888,U1097,5,3889,Cash,135086
250349,U1114,6,3868,Cash,132755
248184,U1083,7,3862,Cash,135044
122019,U1006,5,3859,Bank_debit_cards,135026
247106,U1014,6,3854,Cash,135070
105284,U1001,7,3852,Cash,135033
288047,U1132,7,3850,Cash,135085
537352,U1065,6,3847,Cash,132654
434911,U1098,3,3842,Cash,132885
469594,U1007,7,3840,VISA,132572
215287,U1115,5,3832,Cash,135071
344781,U1086,4,3832,VISA,135041
421446,U1053,6,3820,Cash,135038
189756,U1029,5,3806,Bank_debit_cards,132862
313289,U1114,4,3804,Cash,135058
303243,U1024,3,3803,Bank_debit_cards,135039
530879,U1022,7,3797,VISA,135040
505140,U1016,4,3796,Cash,135042
353007,U1061,4,3785,Bank_debit_cards,132825
383895,U1073,6,3782,VISA,132834
464597,U1008,3,3781,Bank_debit_cards,132858
453277,U1042,3,3755,Cash,134992
500641,U1084,5,3754,Bank_debit_cards,135030
391650,U1019,6,3749,Cash,132856
345834,U1003,3,3747,Cash,132862
289691,U1032,5,3746,Cash,135058
240222,U1054,4,3745,Cash,135051
543344,U1053,3,3737,Cash,135062
225790,U1001,3,3736,Cash,132825
395136,U1086,6,3731,Cash,132937
394160,U1034,3,3729,Cash,135035
419458,U1043,5,3722,Bank_debit_cards,132608
484534,U1126,3,3719,VISA,135106
353387,U1120,7,3719,Cash,135085
479273,U1111,5,3719,Cash,132845
299404,U1137,7,3717,Cash,132755
157193,U1022,4,3713,Bank_debit_cards,135051
269851,U1037,6,3706,Cash,135054
286138,U1062,6,3706,VISA,135038
206435,U1051,4,3704,Cash,134996
204676,U1137,3,3700,Cash,135062
473096,U1024,3,3699,VISA,135027
258067,U1064,5,3645,Cash,135042
474455,U1124,5,3643,Cash,135071
351887,U1135,4,3641,Cash,135106
336734,U1014,3,3627,Cash,135082
525984,U1004,4,3626,Bank_debit_cards,132958
542021,U1088,6,3625,Cash,135069
227032,U1097,4,3621,Cash,135034
462231,U1047,4,3619,Cash,132877
152450,U1053,3,3613,Cash,135060
489573,U1065,6,3612,Cash,132561
242803,U1126,6,3610,Bank_debit_cards,135040
509642,U1041,3,3607,Cash,135021
206558,U1089,6,3604,Cash,135028
358552,U1036,6,3598,Cash,135042
416665,U1061,6,3596,VISA,135048
120309,U1054,7,3593,Cash,135025
163658,U1095,6,3587,Cash,135035
219184,U1085,6,3577,VISA,135050
300572,U1008,3,3571,Cash,132851
349027,U1032,4,3569,Cash,135079
165149,U1075,5,3561,Cash,135032
161060,U1008,6,3560,Bank_debit_cards,135069
190901,U1087,4,3554,Cash,132560
235604,U1102,6,3550,Cash,132846
275913,U1015,4,3541,Cash,132869
425069,U1113,7,3538,Cash,135079
379854,U1111,3,3537,VISA,132858
427396,U1027,4,3533,Cash,132872
374292,U1054,7,3527,American_Express,135060
346856,U1013,6,3522,Cash,135075
117558,U1037,4,3519,Bank_debit_cards,135108
222950,U1069,3,3516,Bank_debit_cards,135082
236209,U1091,5,3509,MasterCard-Eurocard,132875
464598,U1029,7,3508,Cash,132825
106355,U1005,3,3495,VISA,135042
382896,U1046,3,3490,Cash,132572
526316,U1095,3,3472,Cash,135072
370822,U1034,6,3459,Cash,135049
200335,U1091,6,3457,Cash,132884
365755,U1126,6,3452,Cash,135057
174165,U1053,5,3441,Cash,135025
236419,U1084,5,3438,Bank_debit_cards,132862
240113,U1135,4,3437,Cash,132834
323692,U1109,7,3424,VISA,132825
327514,U1106,7,3421,Cash,135052
356779,U1025,5,3420,Cash,135047
177504,U1005,4,3413,Cash,135041
164735,U1024,4,3404,American_Express,135060
313510,U1054,4,3395,Cash,132856
401078,U1098,6,3384,Cash,132825
304280,U1094,4,3377,MasterCard-Eurocard,135057
355910,U1136,7,3371,Cash,135055
372383,U1124,5,3345,Cash,135050
383116,U1045,5,3342,Cash,135032
152337,U1089,3,3328,VISA,132875
290786,U1090,4,3303,Bank_debit_cards,135062
323450,U1011,6,3297,Cash,132564
180255,U1037,6,3296,Cash,132830
388123,U1130,6,3296,Cash,132626
233902,U1009,4,3287,Cash,132862
263714,U1136,5,3275,Bank_debit_cards,132862
364283,U1092,6,3257,Cash,135025
432862,U1089,4,3253,Cash,135085
439101,U1033,7,3242,Bank_debit_cards,132951
503280,U1059,7,3237,Cash,132955
196298,U1081,3,3231,Bank_debit_cards,135030
178335,U1111,4,3228,Cash,135082
193894,U1137,7,3225,Cash,132884
286060,U1016,5,3215,VISA,132862
430158,U1122,6,3215,Cash,135064
309073,U1048,4,3214,Bank_debit_cards,135065
414078,U1085,4,3198,Cash,135055
152721,U1112,3,3193,Cash,135046
443232,U1109,4,3192,Cash,135032
120136,U1096,7,3190,Cash,135064
261560,U1120,5,3171,Cash,135032
527735,U1019,6,3168,Cash,132921
450066,U1069,5,3167,Cash,132846
385086,U1095,4,3163,Cash,135034
518124,U1033,7,3158,Cash,132572
275763,U1001,3,3126,Cash,135045
435990,U1007,5,3109,Bank_debit_cards,135108
312526,U1053,5,3108,Cash,132754
202789,U1132,5,3107,Cash,135028
228198,U1032,5,3106,Bank_debit_cards,132856
413437,U1101,7,3096,Cash,135038
116953,U1003,6,3081,Cash,135079
356367,U1097,6,3079,Cash,132861
329317,U1041,7,3074,Cash,135001
160740,U1084,5,3072,Cash,135072
236557,U1114,5,3059,Cash,135072
323152,U1098,4,3057,Cash,132856
132259,U1096,4,3052,Cash,135075
205579,U1033,5,3049,VISA,135045
439599,U1097,3,3048,Cash,132955
412060,U1104,4,3041,Cash,135039
267814,U1069,6,3039,Cash,135069
266405,U1032,6,3032,Cash,135085
164234,U1061,3,3026,Cash,132954
431843,U1096,3,3017,Cash,132875
528208,U1101,4,3014,Cash,135073
196574,U1105,3,3009,Cash,135054
494199,U1044,7,3003,Cash,132768
535291,U1094,4,2999,VISA,135069
464787,U1122,6,2993,Cash,135085
426760,U1079,4,2989,Cash,134986
430643,U1024,6,2988,Cash,135106
492525,U1032,4,2973,Cash,135032
385589,U1005,6,2972,Cash,135032
359145,U1041,6,2971,Cash,134992
257179,U1048,5,2945,Cash,135049
410133,U1102,5,2929,American_Express,132847
393923,U1098,5,2925,Cash,132921
370637,U1036,7,2917,Cash,132754
115926,U1025,4,2914,Bank_debit_cards,132866
385088,U1113,7,2910,Cash,135057
139820,U1089,6,2910,Cash,135058
202447,U1009,6,2909,Cash,135059
318264,U1057,7,2907,Cash,132954
530743,U1096,6,2906,Cash,132958
209628,U1111,3,2897,Bank_debit_cards,135108
284850,U1106,4,2896,Cash,135042
272080,U1049,4,2878,Bank_debit_cards,135051
120269,U1089,5,2845,Cash,135064
284656,U1058,5,2845,Cash,135058
373116,U1104,5,2844,Cash,132825
377029,U1010,7,2840,Cash,135058
420758,U1062,5,2822,Cash,135052
537609,U1073,6,2817,Cash,135064
487870,U1033,3,2811,Cash,135046
185708,U1120,6,2798,Bank_debit_cards,132847
108833,U1061,4,2797,Cash,135086
360159,U1134,3,2796,Cash,135085
383570,U1113,5,2758,Cash,135085
265509,U1071,3,2757,VISA,135030
311293,U1075,5,2756,Cash,135062
539486,U1124,7,2739,Cash,135070
202866,U1073,7,2737,VISA,132572
246978,U1096,7,2725,Cash,135086
438096,U1124,3,2724,Cash,135054
462948,U1025,6,2723,VISA,132830
237333,U1014,4,2691,Cash,135042
254557,U1007,4,2689,Cash,135025
494858,U1022,5,2687,Cash,135045
229517,U1137,6,2682,Bank_debit_cards,132723
314508,U1040,7,2681,Bank_debit_cards,135019
109497,U1014,3,2671,Cash,135057
178719,U1134,7,2637,Cash,132825
180520,U1022,4,2628,Cash,135063
416442,U1061,5,2627,Cash,135041
500767,U1097,3,2621,Cash,132884
426244,U1119,3,2614,VISA,135021
438209,U1125,5,2613,Cash,135038
144179,U1135,6,2590,Cash,135058
294332,U1027,7,2566,Cash,132937
204540,U1034,6,2564,Bank_debit_cards,135055
209821,U1090,5,2561,Cash,132954
204951,U1040,5,2559,VISA,135013
476434,U1059,3,2558,Cash,132825
452770,U1104,3,2555,Cash,135041
439367,U1033,5,2554,Cash,135075
474545,U1106,5,2545,Cash,135079
532324,U1099,7,2522,VISA,135042
435451,U1009,3,2489,Cash,135079
400787,U1054,5,2483,Cash,135041
481747,U1049,3,2483,Cash,132921
363442,U1109,5,2473,Cash,135028
300933,U1101,7,2469,Cash,132856
136365,U1099,5,2461,Cash,132885
410396,U1041,6,2457,Cash,132768
190972,U1014,7,2450,MasterCard-Eurocard,132830
368033,U1046,7,2443,Cash,132921
385870,U1128,6,2435,VISA,132872
523556,U1111,6,2422,Cash,132854
529436,U1013,3,2416,Cash,135072
484980,U1015,3,2410,Bank_debit_cards,132877
414669,U1129,3,2400,Cash,132654
126097,U1056,7,2391,Cash,135050
370753,U1084,4,2360,Cash,132723
331020,U1132,4,2343,Cash,135038
528138,U1084,4,2342,Cash,135058
281009,U1018,5,2338,Cash,135032
242692,U1138,7,2333,Cash,132922
317013,U1089,3,2329,Cash,132834
311194,U1128,5,2320,VISA,132921
367512,U1043,6,2319,Cash,132630
241330,U1013,3,2313,Cash,135085
142417,U1131,3,2312,Cash,132869
161006,U1002,5,2311,Cash,135062
252512,U1087,4,2308,Cash,135104
296985,U1094,7,2304,Cash,135108
374316,U1104,7,2296,Cash,135030
133340,U1033,4,2294,MasterCard-Eurocard,132921
311920,U1095,5,2289,Cash,132723
222894,U1068,3,2281,Cash,132660
185303,U1008,4,2275,Cash,132846
214156,U1114,6,2273,Cash,135065
128138,U1034,7,2269,Cash,135086
275063,U1135,4,2258,Cash,135042
296842,U1016,7,2256,Cash,132834
361689,U1095,7,2250,Cash,135055
155766,U1053,3,2246,Bank_debit_cards,135053
341490,U1114,6,2246,VISA,132872
535944,U1112,4,2232,Cash,132834
434154,U1065,3,2229,Cash,132626
435056,U1077,4,2216,Cash,135027
523852,U1034,6,2205,Cash,132723
346059,U1124,6,2203,Cash,135032
391000,U1058,7,2196,Cash,135043
435696,U1050,5,2187,Cash,132609
488062,U1015,7,2185,Cash,132845
214568,U1114,4,2178,Cash,132834
124410,U1120,7,2168,Cash,135045
534279,U1119,7,2165,VISA,132583
460639,U1089,3,2164,Cash,132921
425918,U1115,3,2160,Cash,135069
255836,U1040,4,2156,Bank_debit_cards,134999
261971,U1099,7,2149,Cash,132834
481441,U1099,6,2140,Cash,132872
192683,U1027,7,2133,VISA,135085
518582,U1008,6,2129,Cash,132866
171954,U1005,7,2127,Bank_debit_cards,135043
503496,U1132,4,2116,Cash,135051
309868,U1112,3,2113,Cash,135064
413075,U1073,5,2113,Cash,132954
402724,U1025,3,2106,Cash,132958
538638,U1065,7,2101,Bank_debit_cards,132706
388081,U1111,7,2100,Cash,132869
267895,U1110,5,2096,Cash,135021
254774,U1085,7,2089,Cash,135043
311776,U1075,4,2086,Cash,135041
397621,U1113,7,2081,Cash,135032
124045,U1106,4,2074,Cash,132856
178038,U1065,7,2064,Bank_debit_cards,132665
524635,U1055,5,2042,Bank_debit_cards,132754
272263,U1018,6,2040,American_Express,135069
131003,U1105,3,2030,VISA,135052
202915,U1081,3,2026,Bank_debit_cards,135069
141711,U1084,5,2021,MasterCard-Eurocard,132861
485544,U1056,6,2016,Cash,135052
234201,U1115,4,2012,VISA,132830
503020,U1114,7,2011,MasterCard-Eurocard,132825
390743,U1134,4,2005,Cash,135065
248671,U1036,4,2001,Cash,135065
328875,U1043,7,2001,Cash,132613
405566,U1084,4,1989,Cash,135026
282003,U1039,7,1988,Cash,132564
150106,U1134,4,1983,Cash,135026
519572,U1057,3,1982,VISA,135046
364690,U1062,3,1979,Cash,135053
403193,U1033,3,1969,Cash,135030
362244,U1112,6,1968,Cash,135026
145465,U1132,7,1947,Cash,132825
153950,U1085,3,1943,Cash,135059
542522,U1121,7,1937,Cash,132767
340710,U1001,5,1936,Cash,132830
409608,U1035,4,1935,Cash,132583
301621,U1003,3,1933,Cash,132755
243043,U1085,5,1929,Cash,135076
126000,U1024,4,1925,MasterCard-Eurocard,135041
522015,U1137,5,1924,Cash,132825
275326,U1089,6,1912,Cash,132754
379022,U1035,3,1909,Bank_debit_cards,135000
304866,U1045,7,1905,Cash,135064
406992,U1084,6,1902,VISA,135035
356919,U1073,5,1896,Cash,132862
336274,U1028,4,1891,Cash,132663
232556,U1029,7,1884,Cash,132834
474803,U1016,4,1868,Bank_debit_cards,132856
487733,U1135,4,1861,Cash,135060
246049,U1136,3,1854,Cash,135072
275409,U1122,4,1850,VISA,135066
323931,U1007,4,1847,Cash,135058
121963,U1128,6,1835,Cash,135079
139086,U1024,4,1834,Cash,135045
457824,U1003,5,1829,Cash,135064
224447,U1016,6,1828,VISA,135066
172147,U1004,7,1826,Cash,132954
195349,U1099,5,1822,Cash,135076
528626,U1022,6,1814,Cash,135073
384747,U1134,6,1805,Cash,135079
256761,U1079,6,1803,Cash,134976
203862,U1050,5,1803,Cash,132594
158291,U1073,3,1797,Bank_debit_cards,135060
384417,U1004,7,1789,Cash,135060
233519,U1002,6,1788,Cash,135059
304320,U1018,5,1787,Cash,135025
291548,U1101,7,1783,Cash,135039
444928,U1106,7,1776,Cash,132862
467893,U1116,5,1774,Cash,132825
338516,U1024,7,1773,Cash,135028
163751,U1109,6,1771,Cash,132856
330776,U1096,5,1766,Cash,135026
442283,U1071,6,1764,Cash,135052
194037,U1009,4,1761,Cash,135060
402178,U1057,5,1759,Cash,135043
300553,U1009,5,1750,Cash,135058
219189,U1075,5,1749,Cash,135039
295048,U1088,7,1731,Cash,135071
419298,U1075,7,1730,Cash,135051
236924,U1134,3,1721,Cash,135055
142826,U1025,5,1714,VISA,135071
169270,U1105,3,1703,Cash,132830
371331,U1036,4,1703,Cash,135025
278614,U1052,4,1702,Cash,132851
394779,U1115,6,1701,Cash,135054
339586,U1096,4,1688,Cash,135025
298034,U1076,4,1676,Cash,135027
206941,U1071,7,1669,Cash,132862
257645,U1087,3,1660,VISA,132740
383027,U1130,3,1654,Cash,132654
355248,U1098,3,1651,Cash,132862
141183,U1099,7,1643,Cash,135060
455345,U1037,6,1639,Cash,132854
374281,U1085,5,1638,Bank_debit_cards,132825
411592,U1036,5,1633,Cash,135045
251473,U1078,3,1628,Cash,135081
467196,U1006,6,1621,Cash,132954
471582,U1109,6,1616,Cash,135063
367281,U1135,3,1578,Cash,135085
267434,U1027,6,1575,Cash,132921
341604,U1092,6,1564,Cash,132572
483845,U1061,4,1562,Cash,132955
174269,U1126,4,1559,Cash,135054
312782,U1097,6,1559,Cash,135058
367632,U1076,3,1558,American_Express,135042
390428,U1137,3,1558,Cash,132862
460208,U1004,6,1556,Cash,132955
416585,U1037,3,1552,Cash,132845
312896,U1024,7,1544,Bank_debit_cards,135042
208527,U1018,7,1542,Cash,135062
271898,U1056,4,1534,Cash,135062
361508,U1069,7,1528,Cash,132851
491356,U1061,4,1527,Cash,135058
512602,U1109,5,1507,Cash,132872
107072,U1130,7,1501,Cash,132706
356269,U1055,10,14418,Cash,135048
502589,U1055,8,10102,Cash,132825
283744,U1053,8,5548,Cash,135076
181200,U1053,8,16244,Cash,135032
433894,U1035,8,11548,Cash,132773
422996,U1053,10,5525,Cash,135042
523693,U1053,10,15695,Cash,135081
286779,U1053,10,12087,Cash,135047
417319,U1081,9,14074,Cash,135043
335094,U1064,8,16089,Cash,135069
181801,U1081,9,14032,Cash,135039
500342,U1064,8,5397,Cash,135060
317867,U1081,10,13726,Cash,135028
242475,U1081,8,12909,Cash,135085
365557,U1081,9,7294,Cash,135027
424146,U1014,9,12840,Cash,135076
313555,U1088,9,10470,Cash,132830
281284,U1088,10,13006,Cash,135108
370235,U1014,8,7455,American_Express,135069
219296,U1014,9,3002,VISA,135050
308426,U1088,8,2785,Cash,135057
537884,U1014,8,15472,Cash,135081
344995,U1088,10,16718,VISA,135082
321232,U1088,8,3435,Bank_debit_cards,135054
353035,U1088,8,10971,Cash,135032
385581,U1056,9,15817,Cash,135066
351954,U1056,10,8544,Cash,135076
234132,U1056,9,13873,VISA,135081
510834,U1056,8,14715,Cash,135027
301538,U1056,10,11027,Cash,135085
329897,U1056,10,13755,VISA,135051
517207,U1134,8,2693,Bank_debit_cards,135047
424386,U1134,8,9323,Cash,135044
450482,U1134,8,11376,Cash,135059
205565,U1134,10,9557,Bank_debit_cards,135046
471503,U1134,8,3010,Bank_debit_cards,132572
182950,U1134,8,8675,Cash,135075
162940,U1134,10,16079,Cash,135064
437248,U1126,9,3264,VISA,132830
530161,U1106,8,12128,Cash,135028
212589,U1126,10,1559,VISA,135038
513846,U1126,10,10609,Cash,135108
437020,U1044,10,13618,Cash,134986
530639,U1124,8,14808,Bank_debit_cards,135108
167313,U1124,8,14425,American_Express,135057
107754,U1018,10,4092,Cash,135043
478234,U1125,8,5140,Cash,135043
116367,U1119,9,6628,Bank_debit_cards,134986
230157,U1125,9,4205,Cash,135063
500956,U1119,9,6186,Cash,132768
401109,U1018,8,4729,Bank_debit_cards,135081
462820,U1018,10,9689,Cash,135108
394868,U1076,9,4480,Cash,135039
334074,U1022,10,3162,Cash,135033
338859,U1022,10,8595,Cash,135032
512736,U1022,10,7568,Cash,135057
272421,U1022,9,16095,Cash,135060
148286,U1022,10,13473,VISA,135052
384223,U1022,8,5141,Cash,135038
292530,U1094,9,4313,VISA,135054
152704,U1094,9,11155,Cash,135071
465067,U1094,10,5684,Cash,132830
200576,U1116,10,10826,Cash,135060
254587,U1116,8,14481,Cash,135038
195126,U1116,10,13046,Bank_debit_cards,135052
292912,U1116,10,5969,Cash,132834
268893,U1105,10,12058,Cash,135040
107627,U1105,8,8689,Cash,135033
159399,U1105,8,10010,Cash,135039
483224,U1075,10,10774,Cash,135066
515961,U1075,10,7374,Cash,135076
174058,U1007,9,13021,Cash,135057
260848,U1075,8,14865,Cash,132834
198556,U1075,8,10653,Bank_debit_cards,135057
250068,U1075,10,5126,Cash,132830
218201,U1115,10,3757,Cash,135070
249901,U1072,10,7479,Cash,135000
478060,U1024,8,16586,Cash,132825
212960,U1024,10,1566,VISA,135032
396730,U1024,10,13143,Cash,135038
313657,U1132,9,14007,Cash,135025
341187,U1132,9,8898,Cash,135052
161744,U1132,10,13389,Cash,135032
499368,U1005,8,2325,Cash,132830
228229,U1005,8,1712,Cash,135066
287992,U1005,8,9398,Cash,135057
198943,U1120,9,5321,Cash,132845
436955,U1120,9,7984,Bank_debit_cards,135038
485494,U1004,10,12794,MasterCard-Eurocard,135106
278163,U1120,10,14114,Cash,135026
271326,U1004,10,11868,Bank_debit_cards,135032
395758,U1037,10,13400,Cash,135082
138330,U1037,8,3613,VISA,135070
281181,U1037,10,8954,VISA,132847
279248,U1035,9,15972,VISA,134996
201726,U1036,9,16722,Cash,132834
184899,U1036,8,10803,Cash,135079
477428,U1036,9,10527,Cash,132825
218312,U1038,10,8399,Cash,132854
151643,U1038,10,15598,Cash,132856
476135,U1038,8,13754,American_Express,132861
199555,U1038,9,13563,VISA,132862
213634,U1071,8,4394,Cash,135063
179781,U1071,9,11910,Cash,135042
539907,U1071,10,14200,Cash,132825
206337,U1071,9,7095,Cash,135032
136036,U1071,8,8568,Cash,132834
492970,U1071,10,1606,Cash,135039
218776,U1071,8,14825,Bank_debit_cards,135025
397826,U1114,10,8261,Cash,135053
144332,U1084,10,12681,Cash,135045
421796,U1084,10,2141,Cash,135085
203058,U1049,9,15374,Cash,135041
311071,U1019,8,11350,VISA,132830
429404,U1069,10,11782,VISA,135108
141123,U1069,10,15313,Bank_debit_cards,132858
496432,U1113,10,8361,Bank_debit_cards,135038
467084,U1113,8,3265,Cash,132856
206733,U1113,8,5023,Cash,132854
154384,U1104,9,11274,Bank_debit_cards,135085
157552,U1104,10,10580,Cash,135062
394267,U1104,9,14183,Cash,132834
336190,U1106,10,14397,Cash,135106
415937,U1106,9,9935,Cash,132754
528085,U1104,10,7149,Cash,135052
531382,U1104,10,7807,Cash,135032
243368,U1106,10,11646,Cash,132834
245265,U1106,10,11728,Bank_debit_cards,135039
430236,U1106,9,7393,Cash,135066
129769,U1106,9,5516,Cash,135085
343213,U1106,9,9336,Cash,135062
107081,U1106,9,1892,Cash,135030
466404,U1106,8,9612,Bank_debit_cards,135064
132381,U1052,9,5279,Cash,132870
539379,U1079,9,5289,Cash,132768
461034,U1079,9,8433,VISA,132766
529967,U1045,8,5729,Bank_debit_cards,135085
236447,U1045,9,3636,Cash,135060
210754,U1045,10,4337,Bank_debit_cards,135051
281506,U1045,8,11773,Cash,135041
335473,U1009,8,2235,American_Express,132834
180392,U1009,8,6717,Cash,135052
247333,U1009,8,16147,VISA,135063
492928,U1016,10,5680,Cash,135106
248042,U1016,8,16435,Cash,135045
277697,U1016,8,15285,American_Express,135060
110663,U1016,9,6138,Bank_debit_cards,135085
338250,U1016,10,11291,Cash,135052
407507,U1016,9,14346,Bank_debit_cards,135051
194964,U1047,10,5059,MasterCard-Eurocard,132875
443367,U1047,9,2066,Cash,132884
447772,U1095,9,9530,Cash,132872
397599,U1095,9,3819,Cash,135058
381375,U1095,8,11489,Cash,135086
470730,U1007,10,7186,Cash,135085
181231,U1095,9,4134,VISA,135064
278123,U1007,9,2430,Cash,135032
355758,U1007,8,4667,Bank_debit_cards,135086
527832,U1078,9,9704,Cash,132885
388532,U1008,9,6391,Cash,135108
315958,U1008,9,16438,Cash,132869
141835,U1099,8,2521,Cash,135066
224268,U1099,8,14243,VISA,135045
361541,U1008,10,3459,Bank_debit_cards,135054
278648,U1121,10,9388,Cash,135021
262963,U1110,9,12025,Cash,132767
174919,U1110,9,2676,Cash,135013
250937,U1110,9,5045,Cash,134999
359484,U1121,10,12614,Cash,134999
273724,U1042,8,2721,VISA,132768
537020,U1042,9,15132,Bank_debit_cards,135021
318098,U1054,10,3698,Cash,135062
261912,U1054,10,5042,VISA,135039
273636,U1054,10,6937,Cash,135052
518864,U1054,8,12560,Cash,135038
318043,U1054,9,14412,VISA,135032
346809,U1054,10,13063,Cash,135045
252243,U1111,8,5245,Bank_debit_cards,135071
392998,U1037,10,10998,Bank_debit_cards,135071
120739,U1111,10,6783,Cash,132851
431202,U1037,8,11526,VISA,132869
112917,U1111,10,15588,Cash,132847
174563,U1015,10,14067,VISA,132866
168416,U1015,10,4084,Cash,132851
336995,U1101,8,5837,Cash,135027
335807,U1101,8,14380,Bank_debit_cards,135032
486649,U1101,8,13427,Cash,135052
216622,U1001,8,3692,Cash,135085
143425,U1001,9,11322,Cash,135039
336932,U1001,8,5153,Bank_debit_cards,135025
469735,U1135,8,5050,Cash,135052
491616,U1135,10,3871,Cash,135041
453251,U1032,8,13474,Cash,132872
376200,U1032,9,2591,Cash,135042
442406,U1032,10,15546,Cash,132834
497167,U1032,9,13368,Cash,135060
222592,U1135,9,2381,Cash,135045
522725,U1135,9,8366,Cash,135028
352261,U1135,9,10637,Cash,135032
128461,U1048,10,5189,Cash,135034
466015,U1048,8,11110,Cash,132755
171448,U1048,10,9362,Cash,132723
358682,U1062,8,16472,Cash,135085
536663,U1092,10,15211,Cash,135071
163284,U1092,10,16547,Cash,135085
219840,U1062,10,12247,Cash,135062
412344,U1062,10,2670,Bank_debit_cards,135045
247244,U1062,9,8303,Cash,132834
218841,U1092,8,6303,Cash,132723
544382,U1013,9,10299,Cash,132875
383719,U1085,10,5117,American_Express,132885
392368,U1085,9,6299,Cash,135081
165189,U1085,10,7563,Cash,132872
375456,U1109,9,13196,Bank_debit_cards,135042
515797,U1109,8,6650,Bank_debit_cards,135058
532324,U1078,8,10305,Cash,135106
341316,U1019,9,14561,MasterCard-Eurocard,135079
151182,U1098,8,4748,Cash,135060
215990,U1046,9,11731,Cash,135026
340295,U1122,8,8604,Cash,132872
372234,U1122,10,11719,Cash,135053
399302,U1138,10,2969,Cash,132925
308118,U1098,10,3598,Cash,135085
191634,U1098,10,2817,Cash,135079
376705,U1098,8,11327,Cash,135032
269027,U1098,8,6861,Cash,132861
228396,U1098,10,5636,Cash,135046
285225,U1034,8,6413,Cash,132884
355429,U1033,8,7423,American_Express,135065
532318,U1033,9,15183,Bank_debit_cards,135085
380644,U1033,8,3024,Cash,135038
481659,U1089,10,12771,VISA,132951
107885,U1003,9,1806,Cash,132825
462734,U1089,8,13192,Cash,135026
448741,U1089,9,3637,VISA,132872
137208,U1003,9,7478,Cash,135041
504077,U1089,10,7536,Cash,135038
426796,U1003,10,8589,Cash,132922
365281,U1091,10,8475,Cash,132825
174004,U1091,9,14691,Cash,135075
140687,U1089,10,14271,Cash,135079
447277,U1003,9,6330,Bank_debit_cards,132723
295157,U1091,9,13527,Cash,132861
197169,U1003,9,13322,Cash,135080
274527,U1091,9,13725,Cash,135086
501476,U1091,10,5906,Bank_debit_cards,132572
526806,U1027,9,3784,Cash,135052
420594,U1027,9,12122,Bank_debit_cards,132951
238544,U1027,9,2630,Bank_debit_cards,132875
515322,U1029,9,9405,Cash,135059
145602,U1029,8,13083,VISA,132921
275513,U1086,9,3603,Cash,135063
212007,U1086,9,8162,Cash,132922
474195,U1086,8,14989,Cash,132951
394489,U1019,9,8460,Cash,132834
269839,U1137,8,13850,Cash,132951
225680,U1019,10,3115,Cash,135062
355682,U1137,8,13119,Cash,135085
397666,U1137,10,3237,Cash,132834
190244,U1090,10,15853,Cash,132572
199571,U1137,9,1658,VISA,135059
524426,U1137,8,2626,VISA,135049
395504,U1137,8,16533,Cash,135075
397228,U1114,10,1570,Cash,132754
483015,U1061,10,11949,Cash,132723
464874,U1061,8,12518,Cash,135075
389182,U1061,9,2864,Cash,135034
157077,U1013,9,3354,Bank_debit_cards,132572
266672,U1061,8,6009,Cash,135046
242065,U1046,9,13451,Cash,135044
121739,U1046,9,14794,Cash,135065
504439,U1046,8,12976,Cash,132951
203645,U1041,8,16446,Cash,134983
500579,U1041,9,10945,Cash,135109
362071,U1003,9,7907,Cash,132754
363569,U1059,10,7654,Cash,135064
176471,U1059,10,8126,Cash,135028
398994,U1061,10,2814,Cash,132754
251181,U1061,8,14400,Cash,135080
153333,U1090,10,2224,Cash,135052
479912,U1112,10,15297,Cash,135047
225635,U1090,8,7180,Cash,132862
481237,U1112,9,2094,Cash,132954
503073,U1112,10,14878,Bank_debit_cards,135062
425448,U1090,10,2691,Cash,135051
452795,U1112,10,16614,Cash,135086
199719,U1112,10,15576,Cash,132921
500741,U1061,10,11565,Cash,132958
123207,U1112,10,3497,Cash,132572
449254,U1057,10,4363,Cash,135080
237126,U1057,8,3380,Cash,132825
293837,U1112,10,8294,Cash,132862
347794,U1025,8,4542,Cash,132877
121828,U1057,8,16363,American_Express,135064
244087,U1090,10,14648,Cash,135025
504208,U1090,10,11256,Cash,132925
235826,U1057,10,10695,Cash,135030
224546,U1057,9,11544,Cash,132834
316565,U1025,8,11105,Cash,132825
526739,U1025,10,12322,Bank_debit_cards,135028
386554,U1025,10,15423,Bank_debit_cards,132846
444663,U1025,9,5877,Bank_debit_cards,135064
364131,U1097,10,11990,Cash,132954
304841,U1097,10,2455,Cash,132958
481154,U1097,10,10148,Cash,135026
150849,U1059,8,9183,Cash,135044
482068,U1059,9,9611,Cash,135085
453960,U1128,9,12421,Bank_debit_cards,135053
421598,U1059,8,5343,Cash,132754
124622,U1128,9,1541,Cash,135058
449644,U1128,8,6708,American_Express,135064
219229,U1128,8,11489,Cash,132951
201186,U1097,10,16471,Cash,132921
476012,U1097,9,16357,VISA,135049
466325,U1006,8,16701,Cash,135079
199218,U1006,10,14572,Cash,132875
435286,U1006,8,9782,Bank_debit_cards,132825
165224,U1006,10,15882,Cash,135048
520402,U1006,8,8433,Bank_debit_cards,135030
166291,U1131,9,2285,VISA,135054
220222,U1131,9,8635,Cash,135082
250915,U1131,8,10794,Cash,132851
427581,U1073,10,15248,Cash,135080
467709,U1073,8,8202,Cash,132951
150401,U1073,8,16298,Cash,135065
179044,U1049,10,8387,Cash,135042
425718,U1049,10,13450,Cash,135032
280615,U1049,9,15461,Cash,132862
160706,U1058,8,8085,Cash,135053
156295,U1058,10,13516,Cash,132885
135699,U1058,10,3435,Cash,135066
429744,U1002,9,11988,Cash,132825
120466,U1002,9,8518,Cash,135041
295455,U1002,8,12388,Bank_debit_cards,132925
165265,U1096,10,13207,Cash,135072
225644,U1136,10,12533,Cash,135074
288319,U1096,8,9061,Cash,132955
176774,U1096,8,12258,Cash,132723
430354,U1136,8,14819,Bank_debit_cards,135048
462523,U1136,9,4984,Cash,135028
123081,U1097,10,2712,Cash,135053
263574,U1058,9,8387,Cash,135062
522449,U1058,9,7381,Cash,135055
407077,U1010,10,3817,Cash,135053
276452,U1010,9,4583,Cash,135079
256894,U1010,8,4894,Bank_debit_cards,135047
355424,U1010,9,8253,Cash,135065
498646,U1102,9,6655,Cash,132854
156095,U1102,10,11497,Cash,132870
112284,U1010,10,6225,Cash,135076
308435,U1013,9,9797,VISA,132951
117410,U1013,10,16295,Cash,135060
451290,U1028,8,7663,Cash,132732
407239,U1028,9,13663,Cash,132733
205678,U1028,8,16490,Cash,135104
489331,U1050,8,4417,Cash,132732
232148,U1050,9,16008,VISA,132608
430424,U1050,8,7840,Cash,132560
360300,U1050,9,3780,Cash,132740
467382,U1028,8,4152,Cash,132740
242667,U1028,9,10526,VISA,132630
286365,U1087,10,4061,Cash,132732
315198,U1087,8,10679,Cash,132594
467824,U1129,8,7135,Cash,132665
144427,U1039,9,13061,Bank_debit_cards,132665
183392,U1130,9,11636,Cash,132561
105236,U1043,9,12066,Cash,132609
499350,U1043,10,12170,Cash,132732
